Video URL,Title
https://www.youtube.com/watch?v=laLyyC_RXa4,Open Classic Lindy Hop Prelims - ILHC 2021
https://www.youtube.com/watch?v=AFSsYixZVls,Meret & Florian - Advanced Classic Lindy Hop - ILHC 2021
https://www.youtube.com/watch?v=9WtR_66OeaI,Audrey & Paul - Advanced Classic Lindy Hop - ILHC 2021
https://www.youtube.com/watch?v=cVsnYTEuOvY,Nora & Jure - Advanced Classic Lindy Hop - ILHC 2021
https://www.youtube.com/watch?v=nuYDAYxhtjo,Sunny Park & Dongchul Kim - Advanced Classic Lindy Hop - ILHC 2021
https://www.youtube.com/watch?v=zsmmmwjS66Q,Paulina & Michal - Advanced Classic Lindy Hop - ILHC 2021
https://www.youtube.com/watch?v=zybJ5_0t6AA,Tina Hu & Sanchih Tang - Advanced Classic Lindy Hop - ILHC 2021
https://www.youtube.com/watch?v=d-XRf9gshQ8,Jamica & Mike - Advanced Classic Lindy Hop - ILHC 2021
https://www.youtube.com/watch?v=--3edwdXBMQ,Hélène & Benoit - Advanced Classic Lindy Hop - ILHC 2021
https://www.youtube.com/watch?v=7AzIaJaS2U4,2nd Place: Yuyu Yeonjeong You & Joy Intae Yeo - Advanced Classic Lindy Hop - ILHC 2021
https://www.youtube.com/watch?v=RzYxLU_dl88,Valeria & Fran - Advanced Classic Lindy Hop - ILHC 2021
https://www.youtube.com/watch?v=YhjXKBPnF4Y,Viki & Jinews  - Advanced Classic Lindy Hop - ILHC 2021
https://www.youtube.com/watch?v=M9NkX4pNObk,Youngkyeong Jeong & Ye Jun Choi - Advanced Classic Lindy Hop - ILHC 2021
https://www.youtube.com/watch?v=1pe7i6slEH4,1st Place: Eugenia & Santiago - Advanced Classic Lindy Hop - ILHC 2021
https://www.youtube.com/watch?v=w_Bqm0J9Syo,3rd Place: Solji Kim & Youngjin Kim - Advanced Classic Lindy Hop - ILHC 2021
https://www.youtube.com/watch?v=y150WqJIpkM,2nd Place: Marion & Sylvain - All-Star Classic Lindy Hop - ILHC 2021
https://www.youtube.com/watch?v=NGSZozrSfGw,1st Place: Ariadna & Simon - All-Star Classic Lindy Hop - ILHC 2021
https://www.youtube.com/watch?v=eC-yoqHuy-Q,Laura Hong & Youngbo Shim - All-Star Classic Lindy Hop - ILHC 2021
https://www.youtube.com/watch?v=ud6Hfec4vTw,Robin & Jerry - All-Star Classic Lindy Hop - ILHC 2021
https://www.youtube.com/watch?v=3bjA5C-sYGA,3rd Place: Meti Cho & Andante - All-Star Classic Lindy Hop - ILHC 2021
https://www.youtube.com/watch?v=YSOI195Z-K8,Laia & Gustav - All-Star Classic Lindy Hop - ILHC 2021
https://www.youtube.com/watch?v=H1IAMPDdPxQ,Giselle & Justin - All-Star Classic Lindy Hop - ILHC 2021
https://www.youtube.com/watch?v=QhRoiaf1KkM,Jo & Bogdan - Invitational Classic - ILHC 2021
https://www.youtube.com/watch?v=4Cu-DbmgzA8,Irina & Nick - Invitational Classic - ILHC 2021
https://www.youtube.com/watch?v=nNmYbss8FlY,Lisa & Fabien - Invitational Classic - ILHC 2021
https://www.youtube.com/watch?v=VKvVJSQCt9A,1st Place: Alice & Remy - Invitational Classic - ILHC 2021
https://www.youtube.com/watch?v=YM4GJK76FUE,3rd Place: Natalia & Jeremy Invitational Classic - ILHC 2021
https://www.youtube.com/watch?v=trSum93Z_6I,2nd Place: Pamela & Tadas - Invitational Classic - ILHC 2021
https://www.youtube.com/watch?v=f0sPT6rEQKg,ILHC 2020 - Advanced Classic Lindy Hop - An Su Jeong & Moon Junsuk (South Korea)
https://www.youtube.com/watch?v=L7LR4D33Iw8,ILHC 2020 - Advanced Classic Lindy Hop - Alice Bourgasser & Michel Campeau (Canada)
https://www.youtube.com/watch?v=s64mU-2e5XY,ILHC 2020 - Advanced Classic Lindy Hop - Marion Quesne & Sylvain Guiheneuc (France)
https://www.youtube.com/watch?v=fSR3gc3wDaU,ILHC 2020 - Advanced Classic Lindy Hop - Audrey Ho & Paul Csonka (United States)
https://www.youtube.com/watch?v=2XTLaMuXOBU,ILHC 2020 - Advanced Classic Lindy Hop - Egle Stasiulyte & Arnas Jasiunas (Lithuania)
https://www.youtube.com/watch?v=e2Jy2_qSXTs,ILHC 2020 - Advanced Classic Lindy Hop - Simona Pogosian & Mindaugas Bikauskas (Lithuania)
https://www.youtube.com/watch?v=V4SH6HfCbYc,ILHC 2020 - Advanced Classic Lindy Hop - Rivital Englender & Tomer Bernard (Israel)
https://www.youtube.com/watch?v=BPDECGuH2LQ,ILHC 2020 - Advanced Classic Lindy Hop - Laura Hong & Youngbo Shim (South Korea)
https://www.youtube.com/watch?v=rn9aIHG5Dqs,ILHC 2020 - Advanced Classic Lindy Hop - Breonna Jordan & Gabriel Cavallini (United States - Argenti
https://www.youtube.com/watch?v=ePpHSnq1ZPs,ILHC 2020 - Advanced Classic Lindy Hop - Ievgeniia Tsvietkova & Mykola Rudkovskyi (Ukraine)
https://www.youtube.com/watch?v=6aOiSOcofgk,ILHC 2020 - Advanced Classic Lindy Hop - Ieva Gerliakaite & Dimitrios Papavasileiou
https://www.youtube.com/watch?v=r5p5WMTwdj4,ILHC 2020 - Advanced Classic Lindy Hop - Yuyu Yeonjeong You & Daewoong Kim (South Korea)
https://www.youtube.com/watch?v=dz5MmKAkALQ,ILHC 2020 - Advanced Classic Lindy Hop - Karine Hermes & Hunter Krikac (Brazil - United States)
https://www.youtube.com/watch?v=DbXou2fJbxM,ILHC 2020 - Advanced Classic Lindy Hop - Ashley de Haas & Mohammad Hajikhani (Canada - Iran)
https://www.youtube.com/watch?v=VryHApdpK1Q,ILHC 2020 - All-Star Classic Lindy Hop - Laia Puig Azagra & Gustav Jakobsson (Barcelona)
https://www.youtube.com/watch?v=GZiaNVPcmEU,ILHC 2020 - All-Star Classic Lindy Hop - Mélanie Ohl & Rija Rakotondrainibe (France)
https://www.youtube.com/watch?v=jhvuXb0AS8I,ILHC 2020 - All-Star Classic Lindy Hop - Wilma Edlund & Viktor Edlund (Sweden)
https://www.youtube.com/watch?v=472UJzYXXUo,ILHC 2020 - All-Star Classic Lindy Hop - Ariadna Beltran & Simon Bressanelli (Catalonia-UK)
https://www.youtube.com/watch?v=ki8wUTTK8o4,ILHC 2020 - All-Star Classic Lindy Hop - Jessica Miltenberger & Rafal Pustelny (United States)
https://www.youtube.com/watch?v=3MHKfBVkB8E,ILHC 2020 - All-Star Classic Lindy Hop - Robin Carlson & Jerry Foote (United States)
https://www.youtube.com/watch?v=Vs1fNlQBDqY,ILHC 2020 - All-Star Classic Lindy Hop - Maren Merian & Milan Hurban (Germany - Czech Republic)
https://www.youtube.com/watch?v=G8_UoccBL2c,ILHC 2020 - All-Star Classic Lindy Hop - Jana Mechurova & Peter Kepic (Czech Republic - Slovakia)
https://www.youtube.com/watch?v=YHVpysgRmrI,ILHC 2020 - All-Star Classic Lindy Hop - Maria Ferrer & Aurélien Darbellay (Barcelona)
https://www.youtube.com/watch?v=-A4SnMrlK88,ILHC 2020 - Invitational Classic Lindy Hop - Frida Segerdahl & Sakarias Larsson (Sweden)
https://www.youtube.com/watch?v=0HoDSF-2Ldg,ILHC 2020 - Invitational Classic Lindy Hop - Alice Mei & Remy Kouakou Kouame (France)
https://www.youtube.com/watch?v=heN3bNuyclg,ILHC 2020 - Invitational Classic Lindy Hop - Pamela Gaizutyte & Tadas Vasiliauskas (Lithuania)
https://www.youtube.com/watch?v=ODLeeCoIbjM,ILHC 2020 - Invitational Classic Lindy Hop
https://www.youtube.com/watch?v=CJtR8cvLtAI,ILHC 2020 - Invitational Classic Lindy Hop - Evita Arce & Nathan Bugh (United States)
https://www.youtube.com/watch?v=T8HeDZSq1vk,ILHC 2020 - Invitational Classic Lindy Hop - Lisa Clarke & Fabien Vrillon (France)
https://www.youtube.com/watch?v=qpRrNIvIYl0,ILHC 2020 - Invitational Classic Lindy Hop - Ana Lisa Sutherland & Joshua Mclean (United States)
https://www.youtube.com/watch?v=HOCExkPVaRY,ILHC 2020 - Invitational Classic Lindy Hop - Charlie DecaVita & Rebecka Decavita Sweden
https://www.youtube.com/watch?v=tfUxYQUpzOA,ILHC 2020 - Invitational Classic Lindy Hop - Caleb Teicher & Nathan Bugh (United States)
https://www.youtube.com/watch?v=3ugJ1ZEcOU8,ILHC 2020 - Invitational Classic Lindy Hop - Evita Arce & LaTasha Barnes (United States)
https://www.youtube.com/watch?v=gf1j2dq71Gw,ILHC 2020 - Invitational Classic Lindy Hop - Irina Amzashvili & Anthony Chen (United States)
https://www.youtube.com/watch?v=ufjT0QC1dvw,ILHC 2020 - Invitational Classic Lindy Hop - Felix Berghäll & Nils Andrén (Sweden)
https://www.youtube.com/watch?v=_13iG-MvGtg,ILHC 2019: Open Classic Finals - Raphael & Amelie
https://www.youtube.com/watch?v=nyC7EBIx4LE,ILHC 2019: Open Classic Finals - Junsuk & Solji
https://www.youtube.com/watch?v=S7FJ5zqIOJ8,ILHC 2019: Open Classic Finals - Sean & Hannah
https://www.youtube.com/watch?v=86bVb7mfW9Q,ILHC 2019: Open Classic Finals - Viktor & Wilma
https://www.youtube.com/watch?v=AtAf1JojW8c,ILHC 2019: Open Classic Finals - Michel & Alice
https://www.youtube.com/watch?v=Psvg_vZe8zc,ILHC 2019: Open Classic Finals - Simon & Ariadna
https://www.youtube.com/watch?v=QpoY0ywie3M,ILHC 2019: Open Classic Finals - Viktor & Kerry
https://www.youtube.com/watch?v=P7qQVH71fGQ,ILHC 2019: Open Classic Finals - Rob & Kelsey
https://www.youtube.com/watch?v=WgveLmE5YAo,ILHC 2019: Pro-Am Leads - Jaewon & Hyunjung
https://www.youtube.com/watch?v=soBxH-v0kUU,ILHC 2019: Pro-Am Leads - Yam & Jo
https://www.youtube.com/watch?v=9ra94HASaQc,ILHC 2019: Pro-Am Leads - Jonathan & Laura
https://www.youtube.com/watch?v=J3RaZ0ejZLA,ILHC 2019: Pro-Am Follows - Sophie & Travis
https://www.youtube.com/watch?v=P554FU6e8uY,ILHC 2019: Pro-Am Follows - Jess & Anthony
https://www.youtube.com/watch?v=9hwH57bmNIQ,ILHC 2019: Pro-Am Follows - Sarah & Christian
https://www.youtube.com/watch?v=fajOkuarwa8,ILHC 2019: Pro-Am Follows - Sarah & Michael
https://www.youtube.com/watch?v=pK1mJol_4SQ,ILHC 2019: Pro-Am Follows - Ana Lisa & Mikey
https://www.youtube.com/watch?v=88wGkyiNu28,ILHC 2019: Pro-Am Follows - Emily & Brooks
https://www.youtube.com/watch?v=zSJQhAhbM_c,ILHC 2019: Pro-Am Follows - Ellie & Jeremy
https://www.youtube.com/watch?v=cqhDA0FCDrs,ILHC 2019: Pro-Am Follows - Stephanie & Felipe
https://www.youtube.com/watch?v=Gh9angBKfcA,ILHC 2019: Juniors Classic - Jermaine & Aniyah
https://www.youtube.com/watch?v=uzqWBQ5sWn4,ILHC 2019: Juniors Classic - Jonathan & Mariana
https://www.youtube.com/watch?v=YHBmCOu7idM,ILHC 2019: Juniors Classic - Ryan & Sukanya
https://www.youtube.com/watch?v=YPqF1bO7j9E,ILHC 2019: Juniors Classic - Tyler & Sharmaine
https://www.youtube.com/watch?v=4RN3-1YAIYg,ILHC 2019: Juniors Classic - Mario & Gabby
https://www.youtube.com/watch?v=nQDY6R6_sdE,ILHC 2019: Advanced Draw Lindy Finals - Benoît & Coralie
https://www.youtube.com/watch?v=aZ84YLa-K1k,ILHC 2019: Advanced Draw Lindy Finals - Travis & Maren
https://www.youtube.com/watch?v=TsHqk23s8zk,ILHC 2019: Advanced Draw Lindy Finals - Andrew & Michelle
https://www.youtube.com/watch?v=_LGqonWcJD4,ILHC 2019: Advanced Draw Lindy Finals - Jonathan & Marta
https://www.youtube.com/watch?v=AlBWo2Lj94w,ILHC 2019: Advanced Draw Lindy Finals - Alexander & Helena
https://www.youtube.com/watch?v=M4-MlHobvAY,ILHC 2019: Advanced Draw Lindy Finals - Andy & Idalia
https://www.youtube.com/watch?v=fbQH3lG-Al0,ILHC 2019: Advanced Draw Lindy Finals - David & Cami
https://www.youtube.com/watch?v=MAsd_0wsVrk,ILHC 2019: Advanced Draw Lindy Finals - Tyedric Hill & Renata Wlaczyga
https://www.youtube.com/watch?v=1BLimiKIHW0,ILHC 2019: Advanced Draw Lindy Finals - Cyle & Roser
https://www.youtube.com/watch?v=7S6rffIq71k,ILHC 2019: Open Draw Lindy Finals - Yusuke & Jess
https://www.youtube.com/watch?v=njW1G2EOU2w,ILHC 2019: Open Draw Lindy Finals - Farooq & Hyeonju
https://www.youtube.com/watch?v=paq1TjJh8bc,ILHC 2019: Open Draw Lindy Finals - Hussain & Ursula
https://www.youtube.com/watch?v=6W8VGnEHf-I,ILHC 2019: Open Draw Lindy Finals - Paul & Laura
https://www.youtube.com/watch?v=BiDmwAXv1Aw,ILHC 2019: Open Draw Lindy Finals - Rolando & Deniz
https://www.youtube.com/watch?v=xOTNGjZHd-w,ILHC 2019: Open Draw Lindy Finals - Kim & Audrey
https://www.youtube.com/watch?v=EVLV6WmhXoY,ILHC 2019: Open Draw Lindy Finals - Jeremy & Claire
https://www.youtube.com/watch?v=6cW1x_7HClQ,ILHC 2019: Open Draw Lindy Finals - Isaac & Seong-Heon
https://www.youtube.com/watch?v=p-7mQ9hdsj8,ILHC 2019: All-Star Classic - Peter & Elze
https://www.youtube.com/watch?v=B2zQqGKHM7w,ILHC 2019: All-Star Classic - Rafal & Gaby
https://www.youtube.com/watch?v=KvF79iSD09c,ILHC 2019: All-Star Classic - Leonardo & Roser
https://www.youtube.com/watch?v=GESbmEYm_S8,ILHC 2019: All-Star Classic - Jean Philippe & Margaux
https://www.youtube.com/watch?v=e0tLSdIwmrk,ILHC 2019: All Star Classic - Tail & Hago
https://www.youtube.com/watch?v=-glRUE7OXFg,ILHC 2019: All-Star Classic - Rasmus & Mona
https://www.youtube.com/watch?v=22heWXVDVbA,ILHC 2019: All-Star Classic - Hugo & Melanie
https://www.youtube.com/watch?v=eOs6XguCsTA,ILHC 2019: All-Star Classic - Blake & Samantha
https://www.youtube.com/watch?v=_Q1c-u-2VQk,ILHC 2019: All-Star Classic - Andy & Eileen
https://www.youtube.com/watch?v=GocIjv0zWio,ILHC 2019: All-Star Classic - Jaewon & Yuyu
https://www.youtube.com/watch?v=gDHsRvOcWgY,ILHC 2019: All-Star Classic - Adam & Mate
https://www.youtube.com/watch?v=ol6rpKPQM5s,ILHC 2019: All-Star Classic - Gustav & Laia
https://www.youtube.com/watch?v=lvZc1JBu6kE,ILHC 2019: Invitational Classic - Todd Yannacone & Irina Amzashvili
https://www.youtube.com/watch?v=T6_1eNM6OLo,ILHC 2019: Invitational Classic - Andrew & Marie
https://www.youtube.com/watch?v=ekNEUkBh6g0,ILHC 2019: Invitational Classic - Felipe & Laura
https://www.youtube.com/watch?v=9Cy1zNotq6w,ILHC 2019: Invitational Classic - Mikey & Nikki
https://www.youtube.com/watch?v=RFRTAgQ4ib4,ILHC 2019: Invitational Classic - Remy & Ramona
https://www.youtube.com/watch?v=iFjLkA54JSs,ILHC 2019: Invitational Classic - Felix & LaTasha
https://www.youtube.com/watch?v=CNcLtwxy7gw,ILHC 2019: Invitational Classic - Rikard & Pamela
https://www.youtube.com/watch?v=flisefQDsl4,ILHC 2019: Showcase Throwdown Finals - Kimoon & Jungin
https://www.youtube.com/watch?v=1gX5M_BFVp0,ILHC 2019: Showcase Throwdown Finals - Blake & Grace
https://www.youtube.com/watch?v=51hShX5cnuw,ILHC 2019: Showcase Throwdown Finals - Jean-Philippe & Lisa
https://www.youtube.com/watch?v=op9TODsii4Y,ILHC 2019: Showcase Throwdown Finals - Fabien & Melanie
https://www.youtube.com/watch?v=yX5lyoGFeaA,ILHC 2019: Showcase Throwdown Finals - Jaewon & Jung
https://www.youtube.com/watch?v=GjWTrykZmjQ,ILHC 2019: Showcase Throwdown Finals - Andy & Hyeonju
https://www.youtube.com/watch?v=q_zvjTt5joE,ILHC 2019: Showcase Throwdown Finals - Mike & Katie
https://www.youtube.com/watch?v=aeeM2BsAhYg,ILHC 2019: Showcase Throwdown Finals - Nils & Bianca
https://www.youtube.com/watch?v=oAGcaBGlrjk,ILHC 2018 - Open Showcase Prelims - Huey Lee & Ella Hyunmi Kim (South Korea)
https://www.youtube.com/watch?v=4Ab_VKYO8bw,ILHC 2018 - Open Showcase Prelims - Lalaina Rakotomalala & Renata Wlaczyga (Madagascar & Brazil)
https://www.youtube.com/watch?v=WCAwG1HmMOU,ILHC 2018 - Open Showcase Prelims - Matej Dujakovic & Cajsa Weinemo (Sweden)
https://www.youtube.com/watch?v=TGRwwboJYtI,ILHC 2018 - Open Showcase Prelims - Steven Plummer & Akemi Kinukawa (USA)
https://www.youtube.com/watch?v=NkEOPQPxj5w,ILHC 2018 - Open Showcase Prelims - Tadas Vasiliauskas & Ana Umnova (Lithuania)
https://www.youtube.com/watch?v=V-dx65XdG-U,ILHC 2018 - Open Showcase Prelims - Willie Lin & Jing Yi Chiew (Taiwan)
https://www.youtube.com/watch?v=8V3-8tD-hdM,ILHC 2018 - Open Showcase Prelims - Ryan Calloway & Erin Morris (USA)
https://www.youtube.com/watch?v=LKXP0KtHRgk,ILHC 2018 - Open Showcase Prelims - Jeong Taek Shim & Min Young Lee (South Korea)
https://www.youtube.com/watch?v=ieSbe8kdYGA,ILHC 2018 - Open Showcase Prelims - Hugo Marty & Mélanie Ohl (France)
https://www.youtube.com/watch?v=VQtb5QZ4wu8,ILHC 2018 - Open Showcase Prelims - Michael Grosser & Heather Ballew (USA)
https://www.youtube.com/watch?v=eBTlc3QW_SY,ILHC 2018 - Open Showcase Prelims - Christopher Glasow & Brittany Morton (USA)
https://www.youtube.com/watch?v=hk5Ww5zA8sA,ILHC 2018 - Open Showcase Prelims - Matt Richey & Natalia Eristavi (USA)
https://www.youtube.com/watch?v=7JkQWTNE2Qk,ILHC 2018 - Open Showcase Prelims - Chinwei Hsu & Yu Hsuan Chen (Taiwan)
https://www.youtube.com/watch?v=cdZSljUkTLE,ILHC 2018 - Open Showcase Prelims - Aurelien Darbellay & Maria Ferrer (Switzerland & Spain)
https://www.youtube.com/watch?v=Grwd8GqIyVA,ILHC 2018 - Open Showcase Prelims - Oscar Hampton & Cami Asher (USA)
https://www.youtube.com/watch?v=yMDp2pY_eHg,ILHC 2018 - Open Showcase Prelims - Alexander Kuznetsov & Olga Moiseeva (Belgium & Russia)
https://www.youtube.com/watch?v=WAG_dpzw630,ILHC 2018 - Open Showcase Prelims - Dominik Knoll & Nora Locher (Austria & Hungary)
https://www.youtube.com/watch?v=nEkfbmvZ3D4,ILHC 2018 - Open Showcase Prelims - Simon Bressanelli & Ariadna Beltran (UK & Catalonia)
https://www.youtube.com/watch?v=gbdo0cVUOVk,ILHC 2018 - Open Classic Prelims - Aurelien Darbellay & Maria Ferrer (Switzerland & Spain)
https://www.youtube.com/watch?v=U35X0B1Qww4,ILHC 2018 - Open Classic Prelims - Alexey Kazennov & Helena Bausells Hernanz (Russia & Spain)
https://www.youtube.com/watch?v=9cKL4mZzQek,ILHC 2018 - Open Classic Prelims - Alexander Kuznetsov & Olga Moiseeva (Belgium & Russia)
https://www.youtube.com/watch?v=mfSzVBUVTvU,ILHC 2018 - Open Classic Prelims - Ang Brian & Debra Koh (Singapore)
https://www.youtube.com/watch?v=wgzKG9YAW_A,ILHC 2018 - Open Classic Prelims - Cyle Dixon & Alexis Davila (USA)
https://www.youtube.com/watch?v=58u_irY4Htw,ILHC 2018 - Open Classic Prelims - Benoît Mouzin & Hélène Bouthillier Mouzin  (France)
https://www.youtube.com/watch?v=E0DxPETtcG4,ILHC 2018 - Open Classic Prelims - Bernard Cavasa & Lisa Clarke (France)
https://www.youtube.com/watch?v=9V5nLaoTxZ0,ILHC 2018 - Open Classic Prelims - Brandon Barker & Renata Wlaczyga (USA & Brazil)
https://www.youtube.com/watch?v=4UzTQdV8M2M,ILHC 2018 - Open Classic Prelims - Jean Philippe Delort & Margaux Dours (France)
https://www.youtube.com/watch?v=GwALTXo0pII,ILHC 2018 - Open Classic Prelims - Gustav Jakobsson & Laia Puig (Sweden & Spain)
https://www.youtube.com/watch?v=7n-ycwn1x2E,ILHC 2018 - Open Classic Prelims - Jonatan Hedberg & Anna Rio (Sweden & France)
https://www.youtube.com/watch?v=YmQGeQVTipA,ILHC 2018 - Open Classic Prelims - Donghyun Yoo & Yeawon Jung (South Korea)
https://www.youtube.com/watch?v=-NwDvLA__RI,ILHC 2018 - Open Classic Prelims - Joshua McLean & Dee Locke (USA)
https://www.youtube.com/watch?v=JC8ATckUGAo,ILHC 2018 - Open Classic Prelims - Michael Grosser & Ruth Evelyn (USA)
https://www.youtube.com/watch?v=KtMi0vo_uBA,ILHC 2018 - Open Classic Prelims - Nils Andrén & Bianca Locatelli (Sweden)
https://www.youtube.com/watch?v=CaIRqI0Dr34,ILHC 2018 - Open Classic Prelims - Matt Richey & Natalia Eristavi (USA)
https://www.youtube.com/watch?v=AtTf48bTwhI,ILHC 2018 - Open Classic Prelims - Peter Kertz & Elze Visnevskyte (USA & Lithuania)
https://www.youtube.com/watch?v=vogI7V-xo1M,ILHC 2018 - Open Classic Prelims - Rico Lim & Chloe Hong (South Korea)
https://www.youtube.com/watch?v=R1p9uR9qL6k,ILHC 2018 - Open Classic Prelims - Petra Robek & Janez Šepetavc (Slovenia)
https://www.youtube.com/watch?v=VVHCQABWaPk,ILHC 2018 - Open Classic Prelims - Tommaso Dainelli & Giulia Agostini (Italy)
https://www.youtube.com/watch?v=XNgOE3T95T0,ILHC 2018 - Open Classic Prelims - Simon Bressanelli & Ariadna Beltran (UK & Catalonia)
https://www.youtube.com/watch?v=YrEDuOsFwBs,ILHC 2018 - Open Classic Prelims - Steven Plummer & Olga Parshina (USA)
https://www.youtube.com/watch?v=XyEcz3kcwuU,ILHC 2018 - Open Classic Prelims - Tadas Vasiliauskas & Ana Umnova (Lithuania)
https://www.youtube.com/watch?v=N-wanN_Q1hE,ILHC 2018 - Open Classic Prelims - Victor Lopez & Isabel Gregori (Spain)
https://www.youtube.com/watch?v=PUqT31eI1kI,ILHC 2018 - Open Classic Prelims - Willie Lin & Jing Yi Chiew (Taiwan)
https://www.youtube.com/watch?v=uw4tnh89CR0,ILHC 2018 - Open Classic Prelims - Viktor Lillard & Kerry Kapaku (USA)
https://www.youtube.com/watch?v=dEb7GsRq8wE,ILHC 2018 - Open Balboa Draw Finals - Albert Ferran & Annabel Quisao
https://www.youtube.com/watch?v=5dzuNFW64o4,ILHC 2018 - Open Balboa Draw Finals - Vincenzo Fesi & Brittany Morton
https://www.youtube.com/watch?v=S6oSzdbeTW0,ILHC 2018 - Open Balboa Draw Finals - Blake Thiessen & Anne Helene Cavasa
https://www.youtube.com/watch?v=oAS--5ditT0,ILHC 2018 - Open Balboa Draw Finals - Rafal Pustelny & Jessica Miltenberger
https://www.youtube.com/watch?v=B8tmPBzlwwc,ILHC 2018 - Open Balboa Draw Finals - Bernard Cavasa & Cami Asher
https://www.youtube.com/watch?v=NkR62CXfeMM,ILHC 2018 - Open Balboa Draw Finals - Andreas Olsson & Irina Amzashvili
https://www.youtube.com/watch?v=mWAwD_BFqlY,ILHC 2018 - Open Balboa Draw Finals - Adam Brozowski & Moe Sakan
https://www.youtube.com/watch?v=XzQn8OIf8tk,ILHC 2018 - Open Balboa Draw Finals - Douglas Mathews & Hannah Mackenzie Margulies
https://www.youtube.com/watch?v=AZZT9w-c1SY,ILHC 2018 - Open Balboa Draw Finals - Matt Richey & Heather Ballew
https://www.youtube.com/watch?v=h7s0xX8MKe8,ILHC 2018 - Juniors - Jonathan Stewart & Mariana Mitchell
https://www.youtube.com/watch?v=ZyBY6V3Z33k,ILHC 2018 - Juniors - Aidan Nunn & Klara Johnson
https://www.youtube.com/watch?v=YI1-8xdnkoA,ILHC 2018 - Juniors - Mario Mitchell Jr & Gabi Gross
https://www.youtube.com/watch?v=9maHl0z6ySs,ILHC 2018 - Juniors - James Iveson & Chloe Iveson
https://www.youtube.com/watch?v=rojEWUKlTQs,ILHC 2018 - Juniors - Jermaine Trevon Donald & Aniya Correa
https://www.youtube.com/watch?v=8tYOesXheKU,ILHC 2018 - Pro Am Leads - Jonathan Gillett & Jo Hoffberg
https://www.youtube.com/watch?v=whSMsoGrCJQ,ILHC 2018 - Pro Am Leads - Lalaina Rakotomalala & Jaime Shannon
https://www.youtube.com/watch?v=HcWjedHE91k,ILHC 2018 - Pro Am Leads - Giorgio Finello & Lisa Clarke
https://www.youtube.com/watch?v=gqwdyvL5KGg,ILHC 2018 - Pro Am Leads - Cole Weaver & Laura Glaess
https://www.youtube.com/watch?v=AhdAjeHLuaE,ILHC 2018 - Pro Am Leads - Viktor Lillard & Evita Arce
https://www.youtube.com/watch?v=u2QOg-MoGUw,ILHC 2018 - Pro Am Leads - Justin Noh & Natalia Eristavi
https://www.youtube.com/watch?v=ElL0RTDzDPo,ILHC 2018 - Pro Am Leads - Tyler Gillett & Irina Amzashvili
https://www.youtube.com/watch?v=7ey2t7GXySc,ILHC 2018 - Pro Am Leads - Steven Plummer & Stephanie Shapiro
https://www.youtube.com/watch?v=-un6TXJ4XDU,ILHC 2018 - Open Lindy Hop Draw Finals - Tobias Koelbl & Elizabeth Nisius
https://www.youtube.com/watch?v=G5rNnqUcrx8,ILHC 2018 - Open Lindy Hop Draw Finals - Jae Yoo & Erin Mccoy
https://www.youtube.com/watch?v=vMReutkajg0,ILHC 2018 - Open Lindy Hop Draw Finals - Victor Lopez & Alexis Davila
https://www.youtube.com/watch?v=RT2OWdqua_Y,ILHC 2018 - Open Lindy Hop Draw Finals - Chinwei Hsu & Laurel Fischer
https://www.youtube.com/watch?v=hBL8oZ-8Jdc,ILHC 2018 - Open Lindy Hop Draw Finals - Alexander Nguyen & Jing Yang
https://www.youtube.com/watch?v=pFA8RaLbynI,ILHC 2018 - Open Lindy Hop Draw Finals - Bryan Soto & Jing Yi Chiew
https://www.youtube.com/watch?v=LE1d_mIrC1g,ILHC 2018 - Open Lindy Hop Draw Finals - James Yeh & Briana Ayers
https://www.youtube.com/watch?v=Ln16qMADP7M,ILHC 2018 - Open Lindy Hop Draw Finals - Cyle Dixon & Kari Kron
https://www.youtube.com/watch?v=zRl92Zqm6gs,ILHC 2018 - Advanced Lindy Hop Draw Finals - Mike Grosser & Dee Locke
https://www.youtube.com/watch?v=AiCxnLRHhL8,ILHC 2018 - Advanced Lindy Hop Draw Finals - PJ Ryan & Anna Rio
https://www.youtube.com/watch?v=iwFPyqhLz8M,ILHC 2018 - Advanced Lindy Hop Draw Finals - Viktor Edlund & Claudia Fonte
https://www.youtube.com/watch?v=NYoCpZ7IBSY,ILHC 2018 - Advanced Lindy Hop Draw Finals - Harald Carlstrand & Chiara Coombs
https://www.youtube.com/watch?v=u4uce4PxltM,ILHC 2018 - Advanced Lindy Hop Draw Finals - Alexey Kazennov & Cassandra Hargrave
https://www.youtube.com/watch?v=6VFwHPa0KYE,ILHC 2018 - Advanced Lindy Hop Draw Finals - Benoit Mouzin & Ariel Goh
https://www.youtube.com/watch?v=2r3nC7nkIxI,ILHC 2018 - Advanced Lindy Hop Draw Finals - Johan Selander & Margaux Dours
https://www.youtube.com/watch?v=AL_zDx7iASY,ILHC 2018 - Advanced Lindy Hop Draw Finals - Aurelien Darbellay & Amanda Collins
https://www.youtube.com/watch?v=JLFxq61z24k,ILHC 2018 - Advanced Lindy Hop Draw Finals - Leonardo Ost & Coralie Bazinet
https://www.youtube.com/watch?v=HQ16m1s5I58,ILHC 2018 - Advanced Lindy Hop Draw Finals - Shelby Johnson & Egle Stasiulyte
https://www.youtube.com/watch?v=DavYFNuI-Yo,ILHC 2018 - All Star Draw Lindy Hop Finals - Rasmus Holmqvist & Irina Amzashvili
https://www.youtube.com/watch?v=xDfdGBbiLqg,ILHC 2018 - All Star Draw Lindy Hop Finals - Felipe Braga & Bianca Locatelli
https://www.youtube.com/watch?v=oRJrWeXCsS0,ILHC 2018 - All Star Draw Lindy Hop Finals - Peter Kertz & Maria Ferrer
https://www.youtube.com/watch?v=gB4e3DazhR4,ILHC 2018 - All Star Draw Lindy Hop Finals - Rafal Pustelny & Hyunjung Choi
https://www.youtube.com/watch?v=6_aQYVKwR2o,ILHC 2018 - All-Star Draw Lindy Hop Finals - Nils Andrén & Laia Puig
https://www.youtube.com/watch?v=CfJXF2e-f9s,ILHC 2018 - All Star Draw Lindy Hop Finals - Andreas Olsson & Carla Crowen
https://www.youtube.com/watch?v=XVNr0M1ozDA,ILHC 2018 - All Star Draw Lindy Hop Finals - Joshua Mclean & Cajsa Weinemo
https://www.youtube.com/watch?v=oHuzAlRXCVo,ILHC 2018 - All Star Draw Lindy Hop Finals - Sep Vermeersch & Chloe Hong
https://www.youtube.com/watch?v=YpqxYCxM4pw,ILHC 2018 - All Star Draw Lindy Hop Finals - Gustav Jakobsson & Elze Visnevskyte
https://www.youtube.com/watch?v=Jmv3dozjK-k,ILHC 2018 - Open Strictly Balboa Finals - Andreas Olsson & Olga Marina (Sweden & Russia)
https://www.youtube.com/watch?v=8PrdJsnouck,ILHC 2018 - Open Strictly Balboa Finals - Albert Ferran Toll & Neus Castells (Catalonia)
https://www.youtube.com/watch?v=6xfLkqXWC8o,ILHC 2018 - Open Strictly Balboa Finals - Bernard Cavasa & Anne Helene Cavasa (France)
https://www.youtube.com/watch?v=6xy3ufn713k,ILHC 2018 - Open Strictly Balboa Finals - Rafal Pustelny & Jessica Miltenberger (Usa)
https://www.youtube.com/watch?v=3RN2zZ74b2Q,ILHC 2018 - Open Strictly Balboa Finals - David Lee & Jennifer Lee (USA)
https://www.youtube.com/watch?v=zEhEP-5xGnE,ILHC 2018 - Open Strictly Balboa Finals - Vincenzo Fesi & Moe Sakan (Italy & Japan)
https://www.youtube.com/watch?v=XpX_Uwvr2go,ILHC 2018 - Open Strictly Balboa Finals - Blake Thiessen & Heather Ballew (USA)
https://www.youtube.com/watch?v=PB0TBztnsKg,ILHC 2018 - Open Strictly Balboa Finals - Todd Yannacone & Irina Amzashvili (USA)
https://www.youtube.com/watch?v=Fhrs2K8Z-JE,ILHC 2018 - Open Showcase Finals - Simon Bressanelli & Ariadna Beltran (UK & Catalonia)
https://www.youtube.com/watch?v=jU0cJtwOBpU,ILHC 2018 - Open Showcase Finals - Dominik Knoll & Nora Locher (Austria & Hungary)
https://www.youtube.com/watch?v=7Lmeme5vsUU,ILHC 2018 - Open Showcase Finals - Matej Dujakovic & Cajsa Weinemo (Sweden)
https://www.youtube.com/watch?v=S-9HBKL10ns,ILHC 2018 - Open Showcase Finals - Aurelien Darbellay & Maria Ferrer (Switzerland & Spain)
https://www.youtube.com/watch?v=oPQfg7hjq44,ILHC 2018 - Open Showcase Finals - Tadas Vasiliauskas & Ana Umnova (Lithuania)
https://www.youtube.com/watch?v=tjbm7z2GhXw,ILHC 2018 - Open Showcase Finals - Hugo Marty & Mélanie Ohl (France)
https://www.youtube.com/watch?v=2JBDGsZENfE,ILHC 2018 - Open Showcase Finals - Michael Grosser & Heather Ballew (USA)
https://www.youtube.com/watch?v=EQNR-wEfJNc,ILHC 2018 - Open Showcase Finals - Matt Richey & Natalia Eristavi (USA)
https://www.youtube.com/watch?v=e525rwgstoU,ILHC 2018 - Open Showcase Finals - Ryan Calloway & Erin Morris (USA)
https://www.youtube.com/watch?v=L-b2_kDC9O4,ILHC 2018 - Open Showcase Finals - Willie Lin & Jing Yi Chiew (Taiwan)
https://www.youtube.com/watch?v=zT-8wB-wFnc,ILHC 2018 - Pro Showcase Finals - Rasmus Holmqvist & Mona Reithmeier (Sweden & Germany)
https://www.youtube.com/watch?v=JafSHrWXVRs,ILHC 2018 - Pro Showcase Finals - Felix Berghäll & Pamela Gaizutyte (Sweden & Lithuania)
https://www.youtube.com/watch?v=PcdFWYHxEKk,ILHC 2018 - Pro Showcase Finals - Adam Brozowski & Máté Csike (Usa & Hungary)
https://www.youtube.com/watch?v=ztuUID_q_NI,ILHC 2018 - Pro Showcase Finals - Vincenzo Fesi & Hyunjung Choi (Italy & South Korea)
https://www.youtube.com/watch?v=kVLF6VYoaEY,ILHC 2018 - Pro Showcase Finals - Kevin St Laurent & Jo Hoffberg (Usa)
https://www.youtube.com/watch?v=GIyzPF3Tj7E,ILHC 2018 - Pro Showcase Finals - Nils Andrén & Bianca Locatelli (Sweden)
https://www.youtube.com/watch?v=AZZ4A1YXkfg,ILHC 2018 - Pro-Am Follows - Tine Gatchalian & Remy Kouakou Kouame (USA & France)
https://www.youtube.com/watch?v=gULwhMtEAQg,ILHC 2018 - Pro-Am Follows - Victoria Chan & Nick Williams (USA)
https://www.youtube.com/watch?v=sXYRiWkm1Ic,ILHC 2018 - Pro-Am Follows - Anya Wallach & Milo Saidl (USA)
https://www.youtube.com/watch?v=5Wyqs49-8aU,ILHC 2018 - Pro-Am Follows - Maren Merian & Kevin St  Laurent (Germany & USA)
https://www.youtube.com/watch?v=FgOTJJfw9K0,ILHC 2018 - Pro-Am Follows - Claudia Fonte & Remy Kouakou Kouame (Spain & France)
https://www.youtube.com/watch?v=86GuwbWZqok,ILHC 2018 - Pro-Am Follows - Olga Parshina & Rafal Pustelny (USA)
https://www.youtube.com/watch?v=Jz1atCdFeJ0,ILHC 2018 - Pro-Am Follows - Michael Mooney & Milo Saidl (USA)
https://www.youtube.com/watch?v=3AYzesmJhHk,ILHC 2018 - Pro Classic Finals - Felix Berghäll & Egle Regelskis (Sweden & Lithuania)
https://www.youtube.com/watch?v=9L4k1YqdMtg,ILHC 2018 - Pro Classic Finals - Kevin St  Laurent & Lee Meidan (Usa & Israel)
https://www.youtube.com/watch?v=TNNQdO-eP6c,ILHC 2018 - Pro Classic Finals - Jakob Bergelin & Anna Forss (Sweden)
https://www.youtube.com/watch?v=14bxp0v3wXo,ILHC 2018 - Pro Classic Finals - Andrew Hsi & Hyunjung Choi (Australia & Korea)
https://www.youtube.com/watch?v=lhODOgG4WS8,ILHC 2018 - Pro Classic Finals - Felipe Braga & Alice Mei (Brazil & France)
https://www.youtube.com/watch?v=gWncCkNdB-0,ILHC 2018 - Pro Classic Finals - Anthony Chen & Irina Amzashvili (USA)
https://www.youtube.com/watch?v=XCd6pUabhtQ,ILHC 2018 - Pro Classic Finals - Vincenzo Fesi & Moe Sakan (Italy & Japan)
https://www.youtube.com/watch?v=MWOcn2Wgo4U,ILHC 2018 - Pro Classic Finals - Anders Sihlberg & Marie Ndiaye (Sweden & France)
https://www.youtube.com/watch?v=Rrm22RHRD6I,ILHC 2018 - Pro Classic Finals - Remy Kouakou Kouame & Alice Mei (France)
https://www.youtube.com/watch?v=BkRC3QfxXkI,ILHC 2018 - Pro Classic Finals - Adam Brozowski & Mate Csike (Usa & Hungary)
https://www.youtube.com/watch?v=XiPfABSJA4w,ILHC 2018 - Pro Classic Finals - Andrew Hsi & Pamela Gaizutyte (Australia & Lithuania)
https://www.youtube.com/watch?v=ucHnqknt9pw,ILHC 2018 - Pro Classic Finals - Todd Yannacone & Irina Amzashvili (USA)
https://www.youtube.com/watch?v=oJYEqZDs60U,ILHC 2018 - Open Classic Finals - Gustav Jakobsson & Laia Puig (Sweden & Spain)
https://www.youtube.com/watch?v=xVU8SK5LoGY,ILHC 2018 - Open Classic Finals - Aurelien Darbellay & Maria Ferrer (Switzerland & Spain)
https://www.youtube.com/watch?v=kIazRf_DOHA,ILHC 2018 - Open Classic Finals - Peter Kertz & Elze Visnevskyte (USA & Lithuania)
https://www.youtube.com/watch?v=CgykBOTJles,ILHC 2018 - Open Classic Finals - Cyle Dixon & Alexis Davila (USA)
https://www.youtube.com/watch?v=avihpsA2Xwc,ILHC 2018 - Open Classic Finals - Jonatan Hedberg & Anna Rio (Sweden & France)
https://www.youtube.com/watch?v=auRT0htIBiE,ILHC 2018 - Open Classic Finals - Matt Richey & Natalia Eristavi (USA)
https://www.youtube.com/watch?v=qJZY4_2ogDU,ILHC 2018 - Open Classic Finals - Nils Andrén & Bianca Locatelli (Sweden)
https://www.youtube.com/watch?v=FU09f00q0h4,ILHC 2018 - Open Classic Finals - Joshua McLean & Dee Locke (USA)
https://www.youtube.com/watch?v=jDTrL3YYW3s,ILHC 2018 - Open Classic Finals - Bernard Cavasa & Lisa Clarke (France)
https://www.youtube.com/watch?v=msII2_nWCu0,ILHC 2018 - Open Classic Finals - Rico Lim & Chloe Hong (South Korea)
https://www.youtube.com/watch?v=47BKKwI9rNs,ILHC 2018 - Open Classic Finals - Tadas Vasiliauskas & Ana Umnova (Lithuania)
https://www.youtube.com/watch?v=TN5IZTQEsAs,ILHC 2018 - Open Classic Finals - Jean Philippe Delort & Margaux Dours (France)
https://www.youtube.com/watch?v=RZWi_64rDxo,ILHC 2018 - Open Classic Finals - Viktor Edlund & Wilma Edlund (Sweden)
https://www.youtube.com/watch?v=DQd9sbaDZeU,ILHC 2017 Open Draw Finals Viktor Edlund & Thea Wallqvist
https://www.youtube.com/watch?v=oLJjmqXeZDw,ILHC 2017 Open Draw Finals Vincent Bedard & Alyssa Kelly
https://www.youtube.com/watch?v=TZ1qSMr4QjY,ILHC 2017 Open Draw Finals Mike Foncannon & Yeonjeong You
https://www.youtube.com/watch?v=mw3V7Wrxvxg,ILHC 2017 Open Draw Finals Eric Chadell & Alexis Davila
https://www.youtube.com/watch?v=p65tnVrADnU,ILHC 2017   Open Draw Finals   Cyle Dixon & Caroline Hou
https://www.youtube.com/watch?v=GYJTc0I0oF0,ILHC 2017 Open Draw Finals PJ Ryan & Elaine Buchignani
https://www.youtube.com/watch?v=JfAVCxd2H5w,ILHC 2017 - Open Draw Finals - Matt Cochrane & Holly Kiang
https://www.youtube.com/watch?v=KenkvAQW8Fs,ILHC 2017 Open Draw Finals Benoit Mouzin & Cate Rauschenberger
https://www.youtube.com/watch?v=5SURm6VQUyE,ILHC 2017   Open Balboa Luck of the Draw Finals   Travis Matte & Moe Sakan
https://www.youtube.com/watch?v=KxCRnivYV0Y,ILHC 2017 Open Balboa Draw Finals Matt Richey & Hannah Mackenzie Margulies
https://www.youtube.com/watch?v=Ts9VngTAJm8,ILHC 2017 Open Balboa Draw Finals Jeff Liu Leyco & Jenna Applegarth
https://www.youtube.com/watch?v=q_PTK8vzoYk,ILHC 2017 Open Balboa Draw Finals Douglas Mathews & Jessica Miltenberger
https://www.youtube.com/watch?v=xGzQmcQ7PM4,ILHC 2017 Open Balboa Draw Finals Blake Thiessen & Teni Lopez Cardenas
https://www.youtube.com/watch?v=oNf94aMDDRY,ILHC 2017 Open Balboa Draw Finals Michael Quisao & Jennifer Lee
https://www.youtube.com/watch?v=14ofMLZBGdA,ILHC 2017 Open Balboa Draw Finals Andreas Olsson & Olga Marina
https://www.youtube.com/watch?v=Y60ml3d6zC8,ILHC 2017 Open Balboa Draw Finals Rafal Pustelny & Hannah Manning
https://www.youtube.com/watch?v=D4sCe3UdUxM,ILHC 2017 Open Balboa Draw Finals Vincenzo Fesi & Annabel Quisao
https://www.youtube.com/watch?v=dqfd7lAlaNs,ILHC 2017 Open Balboa Draw Finals Adam Brozowski & Lana Sedlmayr
https://www.youtube.com/watch?v=qdnNsBlfcgM,ILHC 2017 Advanced Draw Finals Jonatan Hedberg & María Ferrer
https://www.youtube.com/watch?v=94y-iqBsg6o,ILHC 2017 Advanced Draw Finals Aj Howard & Margaux Dours
https://www.youtube.com/watch?v=6ikOMSSZ-7o,ILHC 2017 Advanced Draw Finals Jack Chen & Brittany Calavitta
https://www.youtube.com/watch?v=GRKX6Foh23g,ILHC 2017 - Advanced Draw Finals Blake Thiessen & Célia Ung Hoi
https://www.youtube.com/watch?v=eXpxq8RD3lw,ILHC 2017 Advanced Draw Finals Rasmus Holmqvist & Vicki Grenier
https://www.youtube.com/watch?v=ymzW2XoRd4A,ILHC 2017 Advanced Draw Finals Jony Navarro & Jennifer Runyan
https://www.youtube.com/watch?v=6JHtOU5R55M,ILHC 2017 Advanced Draw Finals Aurélien Darbellay & Erin Griffith
https://www.youtube.com/watch?v=EzP0z0MG16Q,ILHC 2017 Advanced Draw Finals Josh McLean & Wilma Edlund
https://www.youtube.com/watch?v=qczwSwu5Vic,ILHC 2017   Open Classic Prelims   Alexey Kazennov & Vassia Panagiotou
https://www.youtube.com/watch?v=NYyCzk6jEPo,ILHC 2017   Open Classic Prelims   Brian Ang & Deborah Koh
https://www.youtube.com/watch?v=4l5IPdX_1zo,ILHC 2017   Open Classic Prelims   Cyle Dixon & Alexis Davila
https://www.youtube.com/watch?v=vN84hrS5V-I,ILHC 2017   Open Classic Prelims   Andrew Hsi & Diana Geisler
https://www.youtube.com/watch?v=IAJ31TUo8TY,ILHC 2017   Open Classic Prelims   Joel Kohn & Tanya Stephan
https://www.youtube.com/watch?v=oyJTsBA0gFk,ILHC 2017   Open Classic Prelims   Joe Pace & Claire Chen
https://www.youtube.com/watch?v=eHmPSuy2dn0,ILHC 2017   Open Classic Prelims   Matt Richey & Natalia Eristavi
https://www.youtube.com/watch?v=tHYDP9DuPwk,ILHC 2017   Open Classic Prelims   Benjamin Cook & Cat Foley
https://www.youtube.com/watch?v=Fg9_vsY6ZjI,ILHC 2017   Open Classic Prelims   Aurélien Darbellay & María Ferrer
https://www.youtube.com/watch?v=-ylRHNrqd1g,ILHC 2017   Open Classic Prelims   Gary Grimm & Katie Leatherberry
https://www.youtube.com/watch?v=fHyqRNuHY1o,ILHC 2017   Open Classic Prelims   Fabien Vrillon & Lisa Clarke
https://www.youtube.com/watch?v=F3VBitFl468,ILHC 2017   Open Classic Prelims   Matej Dujakovic & Cajsa Weinemo
https://www.youtube.com/watch?v=IQxy8Mx8Gs4,ILHC 2017   Open Classic Prelims   Joshua Welter & Hyunjung Choi
https://www.youtube.com/watch?v=DbVOEEpCt1c,ILHC 2017 Open Classic Prelims Alexander Kuznetsov & Olga Moiseeva
https://www.youtube.com/watch?v=4A_AkU96KnY,ILHC 2017 Open Classic Prelims Akemi Kinukawa & Steven Plummer
https://www.youtube.com/watch?v=CQkbPA-qFGk,ILHC 2017   Open Classic Prelims   Michael Brafford & Dee Locke
https://www.youtube.com/watch?v=K3qR91v295A,ILHC 2017   Open Classic Prelims   Dan Repsch & Jenny Sowden
https://www.youtube.com/watch?v=01U5Aj9Voik,ILHC 2017   Open Classic Prelims   Jonatan Hedberg & Anna Rio
https://www.youtube.com/watch?v=ErDNeSRnf4c,ILHC 2017   Open Classic Prelims   Peter Kertz & Elze Visnevskyte
https://www.youtube.com/watch?v=aPoG-EOLRe0,ILHC 2017   Open Classic Prelims   Gustav Jakobsson & Laia Puig Azagra
https://www.youtube.com/watch?v=qEdqfaQd6I0,ILHC 2017 - Open Classic Prelims Jean Philippe Delort & Margaux Dours
https://www.youtube.com/watch?v=7I75_3TLeMY,ILHC 2017   Open Classic Prelims   Joshua McLaughlin & Hannah MacKenzie Margulies
https://www.youtube.com/watch?v=m8qDJDxAfn0,ILHC 2017 - Open Classic Prelims - Christian Frommelt & Jenny Shirar
https://www.youtube.com/watch?v=V0qyKn2ubX8,ILHC 2017   Open Classic Prelims   Jasper Palfree & Katie Piselli
https://www.youtube.com/watch?v=PrvLmvWQSJ8,ILHC 2017   Open Classic Prelims   Ryan Calloway & Ann Mony
https://www.youtube.com/watch?v=uC-JVd6cN2s,ILHC 2017 Open Showcase Prelims Stephen Atemie & Nancy Hitzig
https://www.youtube.com/watch?v=vw5kqLeEMOU,ILHC 2017 All Star Draw Finals Fabien Vrillon & Erin Morris
https://www.youtube.com/watch?v=c63jEjjUI3I,ILHC 2017 All Star Draw Finals Jakob Bergelin & Egle Regelskis
https://www.youtube.com/watch?v=N-x-QeJbgNc,ILHC 2017 All Star Draw Finals Ryan Calloway & Delilah Williams
https://www.youtube.com/watch?v=pQW_MJVIF2M,ILHC 2017 All Star Draw Finals Christian Frommelt & Bianca Locatelli
https://www.youtube.com/watch?v=pHcv8oRBUqk,ILHC 2017 All Star Draw Finals Felipe Braga & Natalia Eristavi
https://www.youtube.com/watch?v=rjrpLBsVEWM,ILHC 2017 - All-Star Draw Finals Rafal Pustelny & Elze Visnevskyte
https://www.youtube.com/watch?v=6JTYr7LsSug,ILHC 2017 - All Star Draw Finals Andreas Olsson & Sharon Davis
https://www.youtube.com/watch?v=aQ-xJpV1JSw,ILHC 2017 All Star Draw Finals Adam Brozowski & Latasha Barnes
https://www.youtube.com/watch?v=W7ND3hRZjcI,ILHC 2017  All Star Draw Finals Felix Berghäll & Anna Forss
https://www.youtube.com/watch?v=L6L2AQfyjxk,ILHC 2017   Pro Am   Célia Ung Hoi & Jean Philippe Delort
https://www.youtube.com/watch?v=m2Bhk6ot9xY,ILHC 2017   Pro Am   Dasha Kuzmenko & Todd Yannacone
https://www.youtube.com/watch?v=pn4-GqLlZP8,ILHC 2017   Pro Am   Derek Maffett & Jo Hoffberg
https://www.youtube.com/watch?v=ugkLKFaqYO8,ILHC 2017   Pro Am   Eddy Aristilde & Jaime Shannon
https://www.youtube.com/watch?v=_zmP3XV2xDU,ILHC 2017   Pro Am   Jennifer Lee & Nick Williams
https://www.youtube.com/watch?v=ShURzWnkGlc,ILHC 2017 - Pro-Am - Joe Pace & Jo Hoffberg
https://www.youtube.com/watch?v=e00I65Sg5iQ,ILHC 2017   Pro Am   Maren Merian & Kevin St  Laurent
https://www.youtube.com/watch?v=nPy2raZOPVA,ILHC 2017   Pro Am   Nicholas Tran & Delilah Williams
https://www.youtube.com/watch?v=GrCoXUp4y8I,ILHC 2017   Pro Am   Wilma Edlund & Felix Berghäll
https://www.youtube.com/watch?v=DXHyCdCXVq0,ILHC 2017 - Pro-Am - Andrew Jose & Jo Hoffberg
https://www.youtube.com/watch?v=IGScMIgjC-s,ILHC 2017 - Pro Am - Brandon Barker & Evita Arce
https://www.youtube.com/watch?v=QR1GgfOXfjY,ILHC 2017   Pro Am   Claire Chen & Kevin St  Laurent
https://www.youtube.com/watch?v=jPXanKDhj88,ILHC 2017 - Pro-Am - Adam Brozowski & Rafal Pustelny
https://www.youtube.com/watch?v=i6Oo2EHx6ME,ILHC 2017   Pro Am   Anaelle Perez & Alex Parker
https://www.youtube.com/watch?v=qpVBD5lY0aA,ILHC 2017 - Open Strictly Balboa Finals Blake Thiessen & Hannah Manning (USA)
https://www.youtube.com/watch?v=DdHN3Uf4lNY,ILHC 2017 - Open Strictly Balboa Finals Andreas Olsson & Olga Marina (Sweden-Russia)
https://www.youtube.com/watch?v=8JzVV1xeTyk,ILHC 2017 Open Strictly Balboa Finals Douglas Mathews & Chiara Coombs (USA)
https://www.youtube.com/watch?v=bwFbVCxIpRo,ILHC 2017 Open Strictly Balboa Finals Mickey Fortanasce & Jennifer Lee (USA)
https://www.youtube.com/watch?v=TlXpgDc9Hiw,ILHC 2017 - Open Strictly Balboa Finals Adam Brozowski & Lana Sedlmayr (USA - Germany)
https://www.youtube.com/watch?v=3uqDT8YbnGY,ILHC 2017  Open Strictly Balboa Finals Patrick Szmidt & Natasha Ouimet (France)
https://www.youtube.com/watch?v=DgW_h0AG5O4,ILHC 2017 - Open Strictly Balboa Finals Rafal Pustelny & Teni Lopez-Cardenas (USA)
https://www.youtube.com/watch?v=N6pKKMji-zo,ILHC 2017   Open Showcase Finals   Rasmus Holmqvist & Mona Reithmeier
https://www.youtube.com/watch?v=7ymOV2apjSo,ILHC 2017 - Open Showcase Finals - Hugo Marty & Mélanie Ohl
https://www.youtube.com/watch?v=rSJ5iV5esTc,ILHC 2017   Open Showcase Finals   Kenny Nelson & Delilah Williams
https://www.youtube.com/watch?v=BxYeRiApBjI,ILHC 2017   Open Showcase Finals   Dominik Knoll & Nora Locher
https://www.youtube.com/watch?v=mJdD8PzoEAU,ILHC 2017   Open Showcase Finals   Antoine Simard & Coralie Bazinet
https://www.youtube.com/watch?v=I4aiFiV7FZQ,ILHC 2017   Open Showcase Finals   Aurélien Darbellay & María Ferrer
https://www.youtube.com/watch?v=ZOYE5a9zmzQ,ILHC 2017 - Open Showcase Finals - Benjamin Cook & Michaela Delmonte
https://www.youtube.com/watch?v=DMoTvfpJY5k,ILHC 2017   Open Showcase Finals   Travis Matte & Vicki Grenier
https://www.youtube.com/watch?v=p847Dd4KR9I,ILHC 2017   Open Showcase Finals   Olivia Taylor & PJ Ryan
https://www.youtube.com/watch?v=zOlbL02NnGk,ILHC 2017   Open Showcase Finals   Jonatan Hedberg & Anna Rio
https://www.youtube.com/watch?v=zve9R_PIZow,ILHC 2017 - Pro Showcase - Jakob Bergelin & Anna Forss
https://www.youtube.com/watch?v=rYJq6hpUsAA,ILHC 2017   Pro Showcase   Felix Berghäll & Egle Regelskis
https://www.youtube.com/watch?v=l4X7ANug8fE,ILHC 2017 - Pro Showcase - Fabien Vrillon & Lisa Clarke
https://www.youtube.com/watch?v=TkySPDjX7_s,ILHC 2017 - Pro Showcase - Nils Andrén & Bianca Locatelli
https://www.youtube.com/watch?v=GCcM6UXDbRM,ILHC 2017 - Pro Showcase - Adam Brozowski & Hyunjung Choi
https://www.youtube.com/watch?v=2dk6sltof2g,ILHC 2017   Pro Showcase   Gustav Jakobsson & Laia Puig
https://www.youtube.com/watch?v=Lkyr6XSF09Q,ILHC 2017   Open Classic Finals   Joshua Welter & Hyunjung Choi
https://www.youtube.com/watch?v=ETuw0cCt0Lw,ILHC 2017   Open Classic Finals   Peter Kertz & Elze Visnevskyte
https://www.youtube.com/watch?v=PJ5g03Yj6NM,ILHC 2017   Open Classic Finals   Christian Frommelt & Jenny Shirar
https://www.youtube.com/watch?v=JGW68hhYskE,ILHC 2017   Open Classic Finals   Michael Brafford & Dee Locke
https://www.youtube.com/watch?v=39oRgbmGl14,ILHC 2017   Open Classic Finals   Aurélien Darbellay & María Ferrer
https://www.youtube.com/watch?v=I4EH20J97uA,ILHC 2017   Open Classic Finals   Fabien Vrillon & Lisa Clarke
https://www.youtube.com/watch?v=pygDwBwl5WI,ILHC 2017   Open Classic Finals   Matt Richey & Natalia Eristavi
https://www.youtube.com/watch?v=G12hx_7beC8,ILHC 2017 - Open Classic Finals - Gustav Jakobsson & Laia Puig
https://www.youtube.com/watch?v=3OMDjXYufxg,ILHC 2017   Open Classic Finals   Andrew Hsi & Diana Geisler
https://www.youtube.com/watch?v=p4gC8iIAUec,ILHC 2017   Open Classic Finals   Benjamin Cook & Cat Foley
https://www.youtube.com/watch?v=lNhZ6JVctyA,ILHC 2017   Open Classic Finals   Ryan Calloway & Ann Mony
https://www.youtube.com/watch?v=qdcpFpwfFBE,ILHC 2017   Open Classic Finals   Jonatan Hedberg & Anna Rio
https://www.youtube.com/watch?v=olKV6SxT8e8,ILHC 2017   Juniors   Aaron Nunn & Meredith Cooper
https://www.youtube.com/watch?v=GdajYRT64oc,ILHC 2017   Juniors   Aidan Nunn & Klara Johnson
https://www.youtube.com/watch?v=0C_oP2vVZ44,ILHC 2017   Juniors   Ashley Cohen Conner & Sydney Conner
https://www.youtube.com/watch?v=hYOA-bxPiyo,ILHC 2017   Juniors   Eric Chadell & Thea Wallqvist
https://www.youtube.com/watch?v=ILHiJ8oZqrY,ILHC 2017   Juniors   Garrett Cooper & Jenna LaPlante
https://www.youtube.com/watch?v=v4_29t3XRt4,ILHC 2017   Juniors   Garrett Cooper & Raena Hainline
https://www.youtube.com/watch?v=G0OTHcoi2Ug,ILHC 2017   Juniors   Jermaine Donald & Mariana Mitchell
https://www.youtube.com/watch?v=TuyauYpbyzI,ILHC 2017   Juniors   Tyler Fullwood & Ireyonna Lane
https://www.youtube.com/watch?v=HuLFXzmRppo,ILHC 2017   Juniors   Tristen Dykstra & Elsa Bentz
https://www.youtube.com/watch?v=PLlPVHLzics,ILHC 2017   Juniors   Oscar Johnson & Hannah Palmer
https://www.youtube.com/watch?v=pYeOUA5ey5k,"ILHC 2017 - Juniors - Mario Mitchell, Jr  & Gabby Gross"
https://www.youtube.com/watch?v=jTQrk8X2Uoo,ILHC 2017   Juniors   Jonathan Stewart & Aniyah Correa
https://www.youtube.com/watch?v=zHmuuIco1rE,ILHC 2017 - Juniors - Viktor Edlund & Wilma Edlund
https://www.youtube.com/watch?v=h-WmBtJsn2k,ILHC 2017   Juniors   Vaughn Owens & Amber Busse
https://www.youtube.com/watch?v=GO3C4F3fMgc,ILHC 2017 - Pro Classic - Skye Humphries & Frida Segerdahl
https://www.youtube.com/watch?v=H9ExBUKjqLo,ILHC 2017 - Pro Classic - Rikard Ekstrand & Pamela Gaizutyte
https://www.youtube.com/watch?v=lEH1KmcFj5w,ILHC 2017 - Pro Classic - Remy Kouakou Kouame & Alice Mei
https://www.youtube.com/watch?v=0qGeBmbbO_0,ILHC 2017   Pro Classic   Remy Kouakou Kouame & Laura Glaess
https://www.youtube.com/watch?v=uTa_K2pkENQ,ILHC 2017 - Pro Classic - Felipe Braga & Alice Mei
https://www.youtube.com/watch?v=ammkvPLZ244,ILHC 2017 - Pro Classic - Felix Berghäll & Egle Regelskis
https://www.youtube.com/watch?v=vVaqoHK4z6w,ILHC 2017   Pro Classic   Vincenzo Fesi & Moe Sakan
https://www.youtube.com/watch?v=EzG8AMIMdY8,ILHC 2017 - Pro Classic - Jakob Bergelin & Anna Forss
https://www.youtube.com/watch?v=z6AZyrJBuDU,ILHC 2017   Pro Classic   Nick Williams & Nikki Marvin
https://www.youtube.com/watch?v=xfo3Na8w6AM,ILHC 2017 - Pro Classic - Nathan Bugh & Evita Arce
https://www.youtube.com/watch?v=08w-ge3xUJM,ILHC 2016 - Juniors - Garrett Cooper & Katie Johnson (US)
https://www.youtube.com/watch?v=3d-sSrmoM5Q,ILHC 2016 - Juniors - Jermaine Trevon Donald & Alexis Davila (US)
https://www.youtube.com/watch?v=jWYU72IQnw4,ILHC 2016 - Juniors - Eva Archer (Ukraine)
https://www.youtube.com/watch?v=-Vpdmu01D50,ILHC 2016 - Juniors - Brandon Barker & Leith Conybeare (US)
https://www.youtube.com/watch?v=2l6q4q7ZKB8,ILHC 2016 - Juniors - Raena Hainline & Madison Halls (US)
https://www.youtube.com/watch?v=TgLuEDHG2oM,ILHC 2016 - Juniors - Viktor Edlund & Wilma Edlund (Sweden)
https://www.youtube.com/watch?v=1njlpE6vpjo,ILHC 2016 - Juniors - Vaughn Owens & Abigail Willer (US)
https://www.youtube.com/watch?v=r1S2ZrvA8os,ILHC 2016 - Juniors - Ashley Cohen Conner & Sydney Conner (US)
https://www.youtube.com/watch?v=bPv809tbVls,ILHC 2016 - Juniors - Mario Lashawn Mitchell Jr & Gabby Gross (US)
https://www.youtube.com/watch?v=QZ208jTcIpM,ILHC 2016 - Juniors - Aaron Nunn & Meredith Cooper (US)
https://www.youtube.com/watch?v=3jfGQkzwZak,ILHC 2016 - Juniors - Dasha Kuzmenko & Alexis Davilla (Ukraine & US)
https://www.youtube.com/watch?v=FMzvmxYdYYo,ILHC 2016 - Juniors - David Stanley & Hailey Case (US)
https://www.youtube.com/watch?v=wR72Vg-163I,ILHC 2016 - Juniors - Aiden Nunn & Klara Johnson (US)
https://www.youtube.com/watch?v=ZgrwDowR8Js,ILHC 2016 - Open Jack & Jill Finals - David Deenik & Emily Planck (US)
https://www.youtube.com/watch?v=xI3ItL2u4TA,ILHC 2016 - Open Jack & Jill Finals - Joe Pace & Wilma Edlund (US & Sweden)
https://www.youtube.com/watch?v=-y-qmwN7ArY,ILHC 2016 - Open Jack & Jill Finals - Lewi Gilamichael & Isabella Ommert (US & Germany)
https://www.youtube.com/watch?v=UGwa3rCqtZs,ILHC 2016 - Open Jack & Jill Finals - Steven Plummer & Selena Kruse (US)
https://www.youtube.com/watch?v=_oaL0Z83RLA,ILHC 2016 - Open Jack & Jill Finals - Jordon Chan & Dasha Kuzmenko (US & Ukraine)
https://www.youtube.com/watch?v=2z1fGp8btQo,ILHC 2016 - Open Jack & Jill Finals - Jesus Serrano Piqueras & Marissa Goldenstein (Germany & US)
https://www.youtube.com/watch?v=Iah-hSgwvYY,ILHC 2016 - Balboa Jack & Jill Finals - David Lee & Lana Mykhaylyuk (US & Ukraine)
https://www.youtube.com/watch?v=E1kdem5Ewzw,ILHC 2016 - Balboa Jack & Jill Finals - Lewi Gilamichael & Annabel Quisao (US)
https://www.youtube.com/watch?v=lh0ZVgZIy-U,ILHC 2016 - Balboa Jack & Jill Finals - Bobby White & Gaby Cook (US)
https://www.youtube.com/watch?v=YTQV0FF1KVI,ILHC 2016 - Balboa Jack & Jill Finals - Andreas Olsson & Moe Sakan (Sweden & Japan)
https://www.youtube.com/watch?v=QrD5DzDgPio,ILHC 2016 - Balboa Jack & Jill Finals - Douglas Mathews & Laura Keat (US)
https://www.youtube.com/watch?v=gN6A5nZ6sOE,ILHC 2016 - Balboa Jack & Jill Finals - Blake Thiessen & Jennifer Lee (US)
https://www.youtube.com/watch?v=Ys5o3PH3PY0,ILHC 2016 - Balboa Jack & Jill Finals - Rafal Pustelny & Mia Halloran US
https://www.youtube.com/watch?v=KFAxCAcVu-4,ILHC 2016 - Balboa Jack & Jill Finals - Joe Pace & Heather Ballew (US)
https://www.youtube.com/watch?v=cYB0cTwdqY8,ILHC 2016 - Balboa Jack & Jill Finals - Jon Tigert & Teni Lopez Cardenas (US)
https://www.youtube.com/watch?v=JjnCoYgX1no,ILHC 2016 - Balboa Jack & Jill Finals - Matt Mitchell & Alice Mei (US & France)
https://www.youtube.com/watch?v=wvBV5HRIMfU,ILHC 2016 - Advanced Jack & Jill Finals - Dan Repsch & Cassie Stoa (US)
https://www.youtube.com/watch?v=8PdU2qe9V-I,ILHC 2016 - Advanced Jack & Jill Finals - Jasper Palfree & Kate Feldman Canada (US)
https://www.youtube.com/watch?v=gIHMFh8CHtg,ILHC 2016 - Advanced Jack & Jill Finals - Kemper Talley & Lucile Pinteaux (US & France)
https://www.youtube.com/watch?v=jcsW-cszBVo,ILHC 2016 - Advanced Jack & Jill Finals - Sean Johnson & Shannon Lea Watkins (US)
https://www.youtube.com/watch?v=etURpMb_RLQ,ILHC 2016 - Advanced Jack & Jill - Leo Newman & Calico Goodrich Canada (US)
https://www.youtube.com/watch?v=UQDM4VgmRnY,ILHC 2016 - Advanced Jack & Jill Finals - James Pack & Earanee Niedzwiecki (US & Australia)
https://www.youtube.com/watch?v=H0gh0kyZHhk,ILHC 2016 - Advanced Jack & Jill Finals - Hugo Marty & Angelique Larque (France)
https://www.youtube.com/watch?v=oKULwuO54bc,ILHC 2016 - Advanced Jack & Jill Finals - Jake Ju & Erin Griffith (South Korea & US)
https://www.youtube.com/watch?v=njcpx78f_dU,ILHC 2016 - All Star Jack & Jill - Jakob Bergelin & Bianca Locatelli (Sweden)
https://www.youtube.com/watch?v=-2xFjoaO9mo,ILHC 2016 - All Star Jack & Jill Finals - Jon Tigert & Teni Lopez Cardenas (US)
https://www.youtube.com/watch?v=_m8fyRvifIY,ILHC 2016 - All Star Jack & Jill - Anthony Chen & Lisa Clarke (US & France)
https://www.youtube.com/watch?v=Kx40Gfx17Js,ILHC 2016 - All Star Jack & Jill Finals - Rafal Pustelny & Gaby Cook (US)
https://www.youtube.com/watch?v=G0OZ6MWDhFU,ILHC 2016 - All Star Jack & Jill Finals - Felix Berghäll & Heather Ballew Sweden (US)
https://www.youtube.com/watch?v=9J4x_90pkrw,ILHC 2016 - All Star Jack & Jill Finals - Felipe Braga & Jenna Applegarth Brazil (US)
https://www.youtube.com/watch?v=6mMFZm143Tg,ILHC 2016 - All Star Jack & Jill Finals - Pontus Spelmans & Cajsa Weinemo (Sweden)
https://www.youtube.com/watch?v=un_S0iQoDJo,ILHC 2016 - All Star Jack & Jill Finals - Christian Frommelt & Eleonor Kollberg (US & Sweden)
https://www.youtube.com/watch?v=YLAfJOZMP8A,ILHC 2016 - Pro Am - Michael Grosser & Jo Hoffberg (US)
https://www.youtube.com/watch?v=-Bo3ZyDZC8c,ILHC 2016 - Pro Am - Steven Plummer & Lainey Silver (US)
https://www.youtube.com/watch?v=Ly-r16qq_84,ILHC 2016 - Pro Am - Marcus Nutzinger & Jo Hoffberg Austria (US)
https://www.youtube.com/watch?v=fHBIet_5VFs,ILHC 2016 - Pro Am - Wilma Edlund & Felix Berghäll (Sweden)
https://www.youtube.com/watch?v=oSsphTltxWo,ILHC 2016 - Pro Am - Dasha Kuzmenko & Remy Kouakou Kouame (Ukraine & France)
https://www.youtube.com/watch?v=c7VGwoA82LQ,ILHC 2016 - Pro Am - Sophie Wijesuriya & Skye Humphries (UK & US)
https://www.youtube.com/watch?v=nhRTkrdL2zU,ILHC 2016 - Pro Am- Jamie Blair & Travis Matte (Canada)
https://www.youtube.com/watch?v=sUBdoz8vFMk,ILHC 2016 - Pro Am - Emily Planck & Shesha Marvin (US)
https://www.youtube.com/watch?v=Jw3QunfiRSA,ILHC 2016 - Pro Am - Eva Archer & Kevin St  Laurent (Ukraine & US)
https://www.youtube.com/watch?v=kxY2iv4pcKc,ILHC 2016 - Pro Am - John Holmstrom & Jo Hoffberg (US)
https://www.youtube.com/watch?v=fPKbC2f5avU,ILHC 2016 - Strictly Balboa Finals - Joe Pace & Jo Hoffberg (US)
https://www.youtube.com/watch?v=uLpSrHpN7zI,ILHC 2016 - Strictly Balboa Finals - Andreas Olsson & Jennifer Lee (Sweden & US)
https://www.youtube.com/watch?v=FKbznxrt6YQ,ILHC 2016 - Strictly Balboa Finals - Vincenzo Fesi & Moe Sakan (Italy & Japan)
https://www.youtube.com/watch?v=oy1CDFHJsfg,ILHC 2016 - Strictly Balboa Finals - Peter Kertz & Lana Mykhaylyuk (US & Ukraine)
https://www.youtube.com/watch?v=jNNB2P5XQIU,ILHC 2016 - Strictly Balboa Finals - Matthew Mitchell & Jennifer Reed (US)
https://www.youtube.com/watch?v=XE2N-1G95Is,ILHC 2016 - Strictly Balboa Finals - Adam Brozowski & Heather Ballew (US)
https://www.youtube.com/watch?v=kQAdJQGEyHo,ILHC 2016 - Strictly Balboa Finals - David Lee & Chelsea Lee (US)
https://www.youtube.com/watch?v=PW7P-yoa8xQ,ILHC 2016  - Strictly Balboa Finals - Todd Yannacone & Nikki Marvin (US)
https://www.youtube.com/watch?v=FceHmuTQaOo,ILHC 2016 - Strictly Balboa Finals - Jon Tigert & Jenna Applegarth (US)
https://www.youtube.com/watch?v=NCAEUtDk_WQ,ILHC 2016 - Open Showcase - Christopher Baker & Janice Campbell (Australia)
https://www.youtube.com/watch?v=lIjM2G37bw8,ILHC 2016 - Open Showcase - Bill Ewanick & Teghan Godkin (Canada)
https://www.youtube.com/watch?v=jnRCnioTNuQ,ILHC 2016 - Open Showcase - Felipe Braga & Lana Mykhaylyuk (Brazil & Ukraine)
https://www.youtube.com/watch?v=oIaY9FwhkUQ,ILHC 2016 - Open Showcase - Fabien Vrillon & Lisa Clarke (France)
https://www.youtube.com/watch?v=PR2otFjkz4o,ILHC 2016 - Open Showcase - Jean Philippe Delort & Angelique Larque (France)
https://www.youtube.com/watch?v=J9S3XSICGYI,ILHC 2016 - Open Showcase - Nils Andrén & Bianca Locatelli (Sweden)
https://www.youtube.com/watch?v=ia0kJULLfj0,ILHC 2016 - Pro Classic - Remy Kouakou Kouame & Alice Mei (France)
https://www.youtube.com/watch?v=TSPt4J6q7Y0,ILHC 2016 - Pro Classic - Vincenzo Fesi & Moe Sakan (Italy & Japan)
https://www.youtube.com/watch?v=QMFCI93Fe_A,ILHC 2016 -  Pro Classic - Nick Williams & Nikki Marvin (US)
https://www.youtube.com/watch?v=pDxEYDAz_uM,ILHC 2016 - Pro Classic - Remy Kouakou Kouame & Ramona Staffeld (France & US)
https://www.youtube.com/watch?v=CZj1O7zKKG0,ILHC 2016 - Pro Classic - Felipe Braga & Alice Mei (Brazil & France)
https://www.youtube.com/watch?v=WS0rg21oHus,ILHC 2016 - Pro Classic - Mikey Pedroza & Nikki Marvin (US)
https://www.youtube.com/watch?v=atk304Jtg0M,ILHC 2016 - Pro Classic - Andreas Olsson & Marie Ndiaye (Sweden)
https://www.youtube.com/watch?v=yf7MZf3eTT4,ILHC 2016 - Open Classic Finals - Danny Beyrer & Mandy Hogan (US)
https://www.youtube.com/watch?v=ZYBhjNLobxg,ILHC 2016 - Open Classic Finals - Peter Kertz & Elze Visnevskyte (US & Lithuania)
https://www.youtube.com/watch?v=WUnQK7OTkkg,ILHC 2016 - Open Classic Finals - Felix Berghäll & Eleonor Kollberg (Sweden)
https://www.youtube.com/watch?v=2slE4jl2N68,ILHC 2016 - Open Classic Finals - Andrew Hsi & Lucile Pinteaux (Australia & France)
https://www.youtube.com/watch?v=SxoDZRgfQDc,ILHC 2016 - Open Classic Finals - Jakob Bergelin & Anna Forss (Sweden)
https://www.youtube.com/watch?v=HDBBF5qPgnk,ILHC 2016 - Open Classic Finals - Dan Repsch & Jenny Sowden (US)
https://www.youtube.com/watch?v=t5CdAXFmK-U,ILHC 2016 - Open Classic Finals - Phil Bourassa & Julie Kiraly (Canada)
https://www.youtube.com/watch?v=MlwZK7oMh4A,ILHC 2016 - Open Classic Finals - Gustav Jakobsson & Laia Puig Azagra Sweden (Spain)
https://www.youtube.com/watch?v=ybbnI2nK_Fc,ILHC 2016 - Open Classic Finals - Joshua Welter & Erin Morris (US)
https://www.youtube.com/watch?v=l3K5WjbKTNA,ILHC 2016 - Open Classic Finals - Fabien Vrillon & Lisa Clarke (France)
https://www.youtube.com/watch?v=jSsM23ZXbe8,ILHC 2016 - Pro Showcase - Antoine Simard & Coralie Bazinet (Canada)
https://www.youtube.com/watch?v=uq6jCU6BvJ0,ILHC 2016 - Pro Showcase - Felix Berghäll & Eleonor Kollberg (Sweden)
https://www.youtube.com/watch?v=408LwGwr7fQ,ILHC 2016 - Pro Showcase - Christian Frommelt & Jenny Shirar (US)
https://www.youtube.com/watch?v=hgyYh-kylnA,ILHC 2016 - Pro Showcase - Jakob Bergelin & Anna Forss (Sweden)
https://www.youtube.com/watch?v=MH2tiC_QIPo,ILHC 2016 - Pro Showcase - Hugo Marty & Mélanie Ohl (France)
https://www.youtube.com/watch?v=fr2wZL_fekM,ILHC 2016 - Pro Showcase - Dominik Knoll & Nora Locher (Austria & Hungary)
https://www.youtube.com/watch?v=cLp05L0hyyQ,ILHC 2016 - Pro Showcase - Matej Dujakovic & Cajsa Weinemo (Sweden)
https://www.youtube.com/watch?v=iGvLPY_a9VQ,ILHC 2016 - Pro Showcase - Pontus Spelmans & Lena Magnusson (Sweden)
https://www.youtube.com/watch?v=lmnJ9T1vxOo,ILHC 2016 - Pro Showcase - Jon Tigert & Jenna Applegarth (US)
https://www.youtube.com/watch?v=6O-1hyHMmaY,ILHC 2016 - Pro Showcase - Felix Berghäll & Mikaela Hellsten (Sweden)
https://www.youtube.com/watch?v=Ov13KBDxPjA,ILHC 2016 - Open Classic Prelims - Derrick Roos & Erin Griffith (US)
https://www.youtube.com/watch?v=yjOJpZUXVPw,ILHC 2016 - Open Classic Prelims - Joshua Welter & Erin Morris (US)
https://www.youtube.com/watch?v=FhlGzYPbvm4,ILHC 2016 - Open Classic Prelims - Joshua Mclean & Tori Cushing (US)
https://www.youtube.com/watch?v=iflEiwyW-fA,ILHC 2016 - Open Classic Prelims - Marcus Nutzinger & Selena Kruse (Austria & Germany)
https://www.youtube.com/watch?v=NNbXktcD8Dc,ILHC 2016 - Open Classic Prelims - Christopher Baker & Janice Campbell (Australia)
https://www.youtube.com/watch?v=gWNKvUaSwJM,ILHC 2016 - Open Classic Prelims - Danny Beyrer & Mandy Hogan (US)
https://www.youtube.com/watch?v=9AW3DE57BNo,ILHC 2016 - Open Classic Prelims - Paolo Piselli & Katie Piselli (US)
https://www.youtube.com/watch?v=ca8BypQpbYQ,ILHC 2016 - Open Classic Prelims - Phil Bourassa & Julie Kiraly (Canada)
https://www.youtube.com/watch?v=xSWd__qt_rI,ILHC 2016 - Open Classic Prelims - Dan Repsch & Jenny Sowden (US)
https://www.youtube.com/watch?v=bfQaG9kTACs,ILHC 2016 - Open Classic Prelims - Benoît Mouzin & Hélène Bouthillier Mouzin (France)
https://www.youtube.com/watch?v=1IxwK3BbKc0,ILHC 2016 - Open Classic Prelims - James Pack & Shannon Lea Watkins (US)
https://www.youtube.com/watch?v=83ptGqxFyUk,ILHC 2016 - Open Classic Prelims - Felix Berghäll & Eleonor Kollberg (Sweden)
https://www.youtube.com/watch?v=QI4xIYbcEhc,ILHC 2016 - Open Classic Prelims - Peter Kertz & Elze Visnevskyte (US & Lithuania)
https://www.youtube.com/watch?v=GpBRRzi-zW0,ILHC 2016 - Open Classic Prelims - Jakob Bergelin & Anna Forss (Sweden)
https://www.youtube.com/watch?v=McS36DetLIc,ILHC 2016 - Open Classic Prelims - Travis Matte & Amelie Paulus (Canada)
https://www.youtube.com/watch?v=fjlfdwbEBhc,ILHC 2016 - Open Classic Prelims - Jean Philippe Delort & Angelique Larque (France)
https://www.youtube.com/watch?v=-pb1vR_o6rI,ILHC 2016 - Open Classic Prelims - Mike Grosser & Ruth Evelyn (US)
https://www.youtube.com/watch?v=LJ7MZXIk4xs,ILHC 2016 - Open Classic Prelims - Gustav Jakobsson & Laia Puig Azagra (Sweden & Spain)
https://www.youtube.com/watch?v=HE02eTn8gYE,ILHC 2016 - Open Classic Prelims - Andrew Hsi & Lucile Pinteaux (Australia & France)
https://www.youtube.com/watch?v=wPm9B1iKt2w,ILHC 2015 - Open Strictly Balboa Finals - Matthew Mitchell & Jennifer Lee (USA)
https://www.youtube.com/watch?v=Vse7gFqlLRg,ILHC 2015 - Open Strictly Balboa Finals - Daniel Newsome & Lainey Silver (USA)
https://www.youtube.com/watch?v=ZRb9cxvkt-I,ILHC 2015 - Open Strictly Balboa Finals - David Lee & Chelsea Lee (USA)
https://www.youtube.com/watch?v=kawU9m1VYKc,ILHC 2015 - Open Strictly Balboa Finals - Bobby White & Annabel Quisao (USA)
https://www.youtube.com/watch?v=tezsG_0LZ7s,ILHC 2015 - Open Strictly Balboa Finals - Douglas Mathews & Katie O'Neill (USA)
https://www.youtube.com/watch?v=mJIkvYTVAkM,ILHC 2015 - Open Strictly Balboa Finals - Jon Tigert & Jenna Applegarth (USA)
https://www.youtube.com/watch?v=CMNwAwcky5U,ILHC 2015 - Open Strictly Balboa Finals - Vincenzo Fesi & Moe Sakan (Italy & Japan)
https://www.youtube.com/watch?v=_6pKyVh2kNM,ILHC 2015 - Open Strictly Balboa Finals - Todd Yannacone & Laura Keat (USA)
https://www.youtube.com/watch?v=hGNYSPwlpEM,ILHC 2015 - Open Showcase Prelims - Antoine Simard & Coralie Bazinet (Canada)
https://www.youtube.com/watch?v=TaBzvbnQuhs,ILHC 2015 - Open Showcase Prelims - Christian Frommelt & Jenny Shirar (US)
https://www.youtube.com/watch?v=J8iq1RLQw7s,ILHC 2015 - Open Showcase Prelims - Daniel Repsch & Jenny Sowden (US)
https://www.youtube.com/watch?v=OuS7cz_ygDw,ILHC 2015 - Open Showcase Prelims - Felix Berghäll & Eleonor Kollberg (Sweden)
https://www.youtube.com/watch?v=m_q3RSaJTUI,ILHC 2015 - Open Showcase Prelims - Jon Tigert & Jenna Applegarth (US)
https://www.youtube.com/watch?v=_y35qtqEppo,ILHC 2015 - Open Showcase Prelims - Matej Dujakovic & Cajsa Weinemo (Sweden)
https://www.youtube.com/watch?v=v-wB-7r5TU4,ILHC 2015 - Open Showcase Prelims - Sungwon Park & Hyosoon Lee (Korea)
https://www.youtube.com/watch?v=uv8q08lHRH4,ILHC 2015 - Open Showcase Prelims - Brandon Laine & Shauna Marble (US)
https://www.youtube.com/watch?v=FQ-QoceOwfI,ILHC 2015 - Open Showcase Prelims - Eddie Rutland & Jessica Southwell (US)
https://www.youtube.com/watch?v=zu6ThPODoWs,ILHC 2015 - Open Showcase Prelims - Mertcan Mert & Gokce Hekim (Turkey)
https://www.youtube.com/watch?v=qUOQWckI6Io,ILHC 2015 - Open Showcase Prelims - Vinnie Devin & Foret Solenn (France)
https://www.youtube.com/watch?v=Jd5QuiZfyTU,ILHC 2015 - Open Showcase Prelims - William Ewanick & Kalyn Jobb (Canada)
https://www.youtube.com/watch?v=KORa11_yk3I,ILHC 2015 - Open Classic Prelims - Alex Parker & Natalia Eristavi (UK & US)
https://www.youtube.com/watch?v=tjIm41epP80,ILHC 2015 - Open Classic Prelims - Aurelien Lesdos & Audrey Da Sois (France)
https://www.youtube.com/watch?v=9PqAOVCMKdU,ILHC 2015 - Open Classic Prelims - Cam Mitchell & Cat Foley (Australia & UK)
https://www.youtube.com/watch?v=KgdrqRGewXY,ILHC 2015 - Open Classic Prelims - Fabien Vrillon & Lisa Clarke (France & UK)
https://www.youtube.com/watch?v=G-rLZJn70ik,ILHC 2015 - Open Classic Prelims - Felix Berghäll & Eleonor Kollberg (Sweden)
https://www.youtube.com/watch?v=CYuJNVnxbkk,ILHC 2015 - Open Classic Prelims - Rico Lim & Chloe Hong (Korea)
https://www.youtube.com/watch?v=XS0ealHn8bg,ILHC 2015 - Open Classic Prelims - Ryan Calloway & Ann Mony (US)
https://www.youtube.com/watch?v=Q5-Sb-cVlQw,ILHC 2015 - Open Classic Prelims - Simon Bressanelli & Nancy Hitzig (UK & Canada)
https://www.youtube.com/watch?v=yK1M_QaukXk,ILHC 2015 - Open Classic Prelims - Daniel Newsome & Lainey Silver (US)
https://www.youtube.com/watch?v=kfDpoFdWkbc,ILHC 2015 - Open Classic Prelims - James Pack & Katie Piselli (US)
https://www.youtube.com/watch?v=NXRvlgq6hUc,ILHC 2015 - Open Classic Prelims - Justin Hill & Olivia Taylor (US)
https://www.youtube.com/watch?v=LpgZOh9iUMI,ILHC 2015 - Open Classic Prelims - Michael Grosser & Ruth Evelyn (US)
https://www.youtube.com/watch?v=bBedPe92T8I,ILHC 2015 - Open Classic Prelims - Shauna Marble & Melanie Herman (US)
https://www.youtube.com/watch?v=RHLdCFVIlyI,ILHC 2015 - Open Classic Prelims - Vinnie Devin & Kateryna Fal (France)
https://www.youtube.com/watch?v=SCvxYqTwF1I,ILHC 2015 - Open Lindy JnJ Finals - Patrick Ye (USA) & Kelly Young (USA)
https://www.youtube.com/watch?v=BL2brKGQ2iA,ILHC 2015 - Open Lindy Jack & Jill Finals - Joyss Zambo (France) & Eva Strelets (Ukraine)
https://www.youtube.com/watch?v=fLLVHdzG8rA,ILHC 2015 - Open Lindy JnJ Finals - Samuel Coleman (USA) & Jennifer Lee (USA)
https://www.youtube.com/watch?v=vw5-TidQKFk,ILHC 2015 - Open Lindy JnJ Finals - Andrew Jose (USA) & Dasha Kuzmenko (Ukraine)
https://www.youtube.com/watch?v=rY_EIy4-DcU,ILHC 2015 - Open Lindy JnJ Finals - Andy Yong (USA) & Erin Griffith  (USA)
https://www.youtube.com/watch?v=U1tYHbdnXys,ILHC 2015 - All Star JnJ Finals - Soochan Lee (Korea) & Moe Sakan (Japan)
https://www.youtube.com/watch?v=U4LsG-BMGQg,ILHC 2015 - All Star JnJ Finals - Shesha Marvin  (USA) & Kate Hedin (USA)
https://www.youtube.com/watch?v=MtTDIfnE0H0,ILHC 2015 - All Star JnJ Finals - Nicolas Deniau (France) & Hyunjung Choi (Korea)
https://www.youtube.com/watch?v=kezNtGWh5TU,ILHC 2015 - All Star JnJ Finals - Patrick Szmidt (France) & Chloe Hong (Korea)
https://www.youtube.com/watch?v=DaKtmLcP2DQ,ILHC 2015 - All Star JnJ Finals - Carl Nelson (USA) & Natasha Ouimet (Canada)
https://www.youtube.com/watch?v=ELTQMJudY8E,ILHC 2015 - All Star JnJ Finals - Bobby White (USA) & Jessica Lennartsson (Sweden)
https://www.youtube.com/watch?v=pwAi3IjLcKc,ILHC 2015 - All Star JnJ Finals - Felix Berghäll (Sweden) & Lana Mykhaylyuk (Ukraine)
https://www.youtube.com/watch?v=wzUi1meqCqk,ILHC 2015 - All Star JnJ Finals - Christian Frommelt (USA) & Lisa Clarke (UK)
https://www.youtube.com/watch?v=994WV8RKw8I,ILHC 2015 - Juniors - Alexis Davila & Dasha Kuzmenko (Cleveland & Ukraine)
https://www.youtube.com/watch?v=mOHmKscp9jc,ILHC 2015 - Juniors - Jamurious Ray & Destiny Barnes (Baltimore)
https://www.youtube.com/watch?v=Qy71uFtLOqQ,ILHC 2015 - Juniors - Tyler Fullwood & Maliyah Baldwin-Bey (Baltimore)
https://www.youtube.com/watch?v=sOcMy30duJg,ILHC 2015 - Juniors - Brandon Barker & Eva Strelets (New York & Ukraine)
https://www.youtube.com/watch?v=IO-DFLB7HK0,ILHC 2015 - Juniors - Rayshon Moore & Cheykira Holland (Baltimore)
https://www.youtube.com/watch?v=GFTDDFYOhcg,ILHC 2015 - Pro Classic - Todd Yannacone & Laura Glaess (USA)
https://www.youtube.com/watch?v=BvwANsXiK30,ILHC 2015 - Pro Classic - Mike Roberts & Mary Freitag (USA)
https://www.youtube.com/watch?v=n5dJ5KbXdog,ILHC 2015 - Pro Classic - Remy Kouakou Kouame & Ramona Staffeld (France & Australia)
https://www.youtube.com/watch?v=CX_Yh9xbea8,ILHC 2015 - Pro Classic - Skye Humphries & Frida Segerdahl (USA & Sweden)
https://www.youtube.com/watch?v=Dv1-aj_a13I,ILHC 2015 - Pro Classic - Todd Yannacone & Ramona Staffeld (USA & Australia)
https://www.youtube.com/watch?v=Ng5Qn0Tk7ao,ILHC 2015 - Pro Classic - Vincenzo Fesi & Moe Sakan (Italy & Japan)
https://www.youtube.com/watch?v=50u9J4ao1ro,ILHC 2015 - Open Showcase Finals - Daniel Repsch & Jenny Sowden (US)
https://www.youtube.com/watch?v=2l2LvyIp9zk,ILHC 2015 - Open Showcase Finals - Christian Frommelt & Jenny Shirar (US)
https://www.youtube.com/watch?v=XdNmGJshSR4,ILHC 2015 - Open Showcase Finals - Felix Berghäll & Eleonor Kollberg (Sweden)
https://www.youtube.com/watch?v=HFoNQeq-pco,ILHC 2015 - Open Showcase Finals - Jon Tigert & Jenna Applegarth (US)
https://www.youtube.com/watch?v=37xpZHU8cB8,ILHC 2015 - Open Showcase Finals - Matej Dujakovic & Cajsa Weinemo (Sweden)
https://www.youtube.com/watch?v=Zm3Exu_SlxU,ILHC 2015 - Open Showcase Finals - Sungwon Park & Hyosoon Lee (Korea)
https://www.youtube.com/watch?v=q-9iSg8dE9s,ILHC 2015 - Open Showcase Finals - Antoine Simard & Coralie Bazinet (Canada)
https://www.youtube.com/watch?v=krQqxJhyPxA,ILHC 2015 - Pro Am Leaders - Matteo Mannino & Jo Hoffberg
https://www.youtube.com/watch?v=-lYnB540R-g,ILHC 2015 - Pro Am Leaders - Simon Bressanelli & Jo Hoffberg
https://www.youtube.com/watch?v=PvI0WIoZmw4,ILHC 2015 - Pro Am Leaders - Mertcan Mert & Ramona Staffeld
https://www.youtube.com/watch?v=2dZ1nL5D6y4,ILHC 2015 - Pro Am Followers - Eva Strelets & Peter Strom
https://www.youtube.com/watch?v=iALb2kRmnIk,ILHC 2015 - Pro Am Followers - Youngkyung Jung & Soochan Lee
https://www.youtube.com/watch?v=q2Pu1x7-Fuo,ILHC 2015 - Pro Am Followers - Alexis Davila & Skye Humphries
https://www.youtube.com/watch?v=SNGkgdCogVM,ILHC 2015 - Pro Am Followers - Dasha Kuzmenko & Mikey Pedroza
https://www.youtube.com/watch?v=67u5HmI21iA,ILHC 2015 - Open Classic Finals - Alex Parker & Natalia Eristavi (UK & US)
https://www.youtube.com/watch?v=JhdphPYaGnk,ILHC 2015 - Open Classic Finals - Aurelien Lesdos & Audrey Da Sois (France)
https://www.youtube.com/watch?v=B4e1ZetIYOs,ILHC 2015 - Open Classic Finals - Cam Mitchell & Cat Foley (Australia & UK)
https://www.youtube.com/watch?v=KvoPGIo1koo,ILHC 2015 - Open Classic Finals - Felix Berghäll & Eleonor Kollberg (Sweden)
https://www.youtube.com/watch?v=BlvoaZAixic,ILHC 2015 - Open Classic Finals - Rico Lim & Chloe Hong (Korea)
https://www.youtube.com/watch?v=o-lyCOqSOPI,ILHC 2015 - Open Classic Finals - Ryan Calloway & Ann Mony (US)
https://www.youtube.com/watch?v=69J80c3I_SM,ILHC 2015 - Open Classic Finals - Simon Bressanelli & Nancy Hitzig (UK & Canada)
https://www.youtube.com/watch?v=K3VVS9PsXu8,ILHC 2015 - Open Classic Finals - Fabien Vrillon & Lisa Clarke (France & UK)
https://www.youtube.com/watch?v=R7sqxVrXPOM,ILHC 2015 - Pro Showcase - Patrick Szmidt & Natasha Ouimet (France & Canada)
https://www.youtube.com/watch?v=vumZpQlh02w,ILHC 2015 - Pro Showcase - Mikey Pedroza & Jo Hoffberg (US)
https://www.youtube.com/watch?v=rXXKibCrPkc,ILHC 2015 - Pro Showcase - Nicolas Deniau & Mikaela Hellsten (France & Sweden)
https://www.youtube.com/watch?v=uENeGOkUH94,ILHC 2015 - Pro Showcase - Soochan Lee & Hyunjung Choi (Korea)
https://www.youtube.com/watch?v=AOOF_HAivMg,ILHC 2015 - Pro Showcase - Shesha Marvin & Soledad Solo (US & Argentina)
https://www.youtube.com/watch?v=5r4ae9Nv6H4,ILHC 2015 - Pro Showcase - Hugo Marty & Mélanie Ohl (France)
https://www.youtube.com/watch?v=F3gTPmapAJ8,ILHC 2015 - Pro Showcase - Jakob Bergelin & Anna Forss (Sweden)
https://www.youtube.com/watch?v=53mcWvJ5ImI,ILHC 2015 - Pro Showcase - Nick Williams & Nikki Marvin (US)
https://www.youtube.com/watch?v=wSvWwmYwyCY,ILHC 2014 - Advanced Lindy JnJ - Finals - Aleix Prats Ferrer & Lena Magnusson
https://www.youtube.com/watch?v=x9QF83Nxfrw,ILHC 2014 - Advanced Lindy JnJ - Finals - Felipe Braga & Cajsa Weinemo
https://www.youtube.com/watch?v=BOcwYCPPgmk,ILHC 2014 - Advanced Lindy JnJ - Finals - Gustav Jakobsson & Jessica Miltenberger
https://www.youtube.com/watch?v=oF6ypFThUXs,ILHC 2014 - Advanced Lindy JnJ - Finals - Jack Chen & Natalia Eristavi
https://www.youtube.com/watch?v=4p_LH2YLoDM,ILHC 2014 - Advanced Lindy JnJ - Finals - Matej Dujakovic & Chloe Hong
https://www.youtube.com/watch?v=LCppeczhNAw,ILHC 2014 - Advanced Lindy JnJ - Finals - Pontus Spelmans & Irina Amzashvili
https://www.youtube.com/watch?v=i1bFTvs2zUA,ILHC 2014 - Open Balboa JnJ - Finals - Adam Speen & Mia Goldsmith
https://www.youtube.com/watch?v=35lHfiOG1ro,ILHC 2014 - Open Balboa JnJ - Finals - David Lee & Heather Ballew
https://www.youtube.com/watch?v=1vR_MMmQ4tw,ILHC 2014 - Open Balboa JnJ - Finals - Jason Swihart & Jennifer Lee
https://www.youtube.com/watch?v=TxC3FPaFUMQ,ILHC 2014 - Open Balboa JnJ - Finals - Jeongwoo Hong & Gaby Cook
https://www.youtube.com/watch?v=bWtiUNpNqSg,ILHC 2014 - Open Balboa JnJ - Finals - Soochan Lee & Teni Lopez-cardenas
https://www.youtube.com/watch?v=nJwvtssnMSo,ILHC 2014 - Open Balboa JnJ - Finals - Todd Yannacone & Nelle Cherry
https://www.youtube.com/watch?v=RKkIJl9akVI,ILHC 2014 - Open Lindy JnJ - Finals - Hugo Marty & Kyra Isaacs
https://www.youtube.com/watch?v=K6O0Wm0DnJQ,ILHC 2014 - Open Lindy JnJ - Finals - Jake Ju & Jiwoo Kim
https://www.youtube.com/watch?v=2QXhJzsthQo,ILHC 2014 - Open Lindy JnJ - Finals - Kemper Talley & Krista Engle
https://www.youtube.com/watch?v=rg3ZcOVExi0,ILHC 2014 - Open Lindy JnJ - Finals - Marcos Agote & Dasha Kuzmenko
https://www.youtube.com/watch?v=4gcXYKQPcU8,ILHC 2014 - Open Lindy JnJ - Finals - Patrick Ye & Janice Lai
https://www.youtube.com/watch?v=M28B1aOav8Q,ILHC 2014 - Juniors - Cyle Dixon & Alexis Davila
https://www.youtube.com/watch?v=T9i8IE0DBnE,ILHC 2014 - Juniors - Dasha Kuzmenko & Eva Strelets
https://www.youtube.com/watch?v=nwaAVcG2l0M,ILHC 2014 - Juniors - Draten Bryant & Anna Jones
https://www.youtube.com/watch?v=FKBEzPyiQs0,ILHC 2014 - Juniors - Jamerius Conner & Sharmaine Johnson
https://www.youtube.com/watch?v=QKaD4HRkMME,ILHC 2014 - Juniors - Jamurious Ray & Destiny Barnes
https://www.youtube.com/watch?v=Ud9WaslY-jA,ILHC 2014 - Juniors - Tyler Fullwood & Maliyah Baldwin-Bey
https://www.youtube.com/watch?v=rC0lbFk_5cM,ILHC 2014 - Open Strictly Balboa - Finals - John Helveston & Jennifer Lee
https://www.youtube.com/watch?v=oTw5Km8mYCs,ILHC 2014 - Open Strictly Balboa - Finals - Adam Speen & Nelle Cherry
https://www.youtube.com/watch?v=4UVd9lzx_6E,ILHC 2014 - Open Strictly Balboa - Finals - Jason Swihart & Heather Ballew
https://www.youtube.com/watch?v=_e-ce6FtstM,ILHC 2014 - Open Strictly Balboa - Finals - Todd Yannacone & Mia Goldsmith
https://www.youtube.com/watch?v=u5HkwbunvEM,ILHC 2014 - Open Strictly Balboa - Finals - Jeongwoo Hong & Crystal Lee
https://www.youtube.com/watch?v=5sRnkXDcPkE,ILHC 2014 - Open Strictly Balboa - Finals - Patrick Szmidt & Natasha Ouimet
https://www.youtube.com/watch?v=uBts2ZBhlOY,ILHC 2014 - Open Strictly Balboa - Finals - David Lee & Chelsea Lee
https://www.youtube.com/watch?v=jPbAaG8CvSU,ILHC 2014 - Open Strictly Balboa - Finals - Bobby White & Marie Nahnfeldt
https://www.youtube.com/watch?v=J8d9InoMUQs,ILHC 2014 - Open showcase - Ivan Ivaneichyk & Alevtina Kapusta
https://www.youtube.com/watch?v=Fs64y8bp-gU,ILHC 2014 - Open showcase - Christopher Baker & Janice Lai
https://www.youtube.com/watch?v=Vz0j3K20xkg,ILHC 2014 - Open showcase - Pontus Spelmans & Lena Magnusson
https://www.youtube.com/watch?v=E1lNcevHgXg,ILHC 2014 - Open showcase - Matej Dujakovic & Cajsa Weinemo
https://www.youtube.com/watch?v=xcPG8qkmGbo,ILHC 2014 - Open showcase - James Bianco & Irina Amzashvili
https://www.youtube.com/watch?v=wr8HhdNfg4k,ILHC 2014 - Open showcase - Jonathan Desroches & Marie Anne Rochon
https://www.youtube.com/watch?v=MxU0kn60GBA,ILHC 2014 - Open showcase - Jon Tigert & Jenna Applegarth
https://www.youtube.com/watch?v=zh6lvBmE7p0,ILHC 2014 - Open showcase - Hugo Marty & Melanie Ohl
https://www.youtube.com/watch?v=jJ7YiQ2QYKo,ILHC 2014 - Open showcase - Christian Frommelt & Jenny Shirar
https://www.youtube.com/watch?v=0nQkBz7GFEQ,ILHC 2014 - Open showcase - Felix Berghall & Eleonor Kollberg
https://www.youtube.com/watch?v=_JOJ2-aqqfU,ILHC 2014 - Open showcase - Fabien Vrillon & Lisa Clarke
https://www.youtube.com/watch?v=U7vvRo5CP6E,ILHC 2014 - Pro Classic - Mikey Pedroza & Pamela Gaizutyte
https://www.youtube.com/watch?v=tCrm0mvlXzo,ILHC 2014 - Pro Classic - Remy Kouakou Kouame & Moe Sakan
https://www.youtube.com/watch?v=16pJ3c7EDqU,ILHC 2014 - Pro Classic - Dax Hock & Sarah Breck
https://www.youtube.com/watch?v=gB-Ly2A_XxI,ILHC 2014 - Pro Classic - Patrick Szmidt & Natasha Ouimet
https://www.youtube.com/watch?v=WjdL7TZEsew,ILHC 2014 - Pro Classic - Skye Humphries & Naomi Uyama
https://www.youtube.com/watch?v=-kEShhx2yeY,ILHC 2014 - Pro Classic - Todd Yannacone & Ramona Staffeld
https://www.youtube.com/watch?v=uuSGo-eaP9M,ILHC 2014 - Pro Classic - William Mauvais & Maeva Truntzer
https://www.youtube.com/watch?v=YVuIDpJK3jI,ILHC 2014 - Pro-Am - Leaders - Julien Stoehr & Maeva Truntzer
https://www.youtube.com/watch?v=44Joq2N9Isg,ILHC 2014 - Pro Am - Leaders - Fred Caputo & Annie Trudeau
https://www.youtube.com/watch?v=k8175B7vQZ4,ILHC 2014 - Pro Am - Leaders - Cyle Dixon & Naomi Uyama
https://www.youtube.com/watch?v=ESjWX1_8r10,ILHC 2014 - Pro Am - Leaders - Felipe Braga & Jo Hoffberg
https://www.youtube.com/watch?v=FTFYeweSBaY,ILHC 2014 - Pro Am - Leaders - Jeonghun Park & Hyunjung Choi
https://www.youtube.com/watch?v=nz7ETJ6YbZc,ILHC 2014 - Pro Am - Leaders - Justin Mann & Laura Glaess
https://www.youtube.com/watch?v=I0icvqVdBuk,ILHC 2014 - Pro Am - Leaders - Marcos Agote & Alice Mei
https://www.youtube.com/watch?v=m30j3FR-mB8,ILHC 2014 - Pro Am - Leaders - Caleb Wiese & Lainey Silver
https://www.youtube.com/watch?v=yfu2sT5x1IA,ILHC 2014 - Pro Am - Leaders - Jeff Leyco & Laura Glaess
https://www.youtube.com/watch?v=HtZmmEQ9_eA,ILHC 2014 - Pro Am - Leaders - Timothy Korkuc & Jo Hoffberg
https://www.youtube.com/watch?v=KbLmLuux02Q,ILHC 2014 - Pro Am - Followers - Mihanta Rakotoarisoa & Jb Mino
https://www.youtube.com/watch?v=ECiDbKmMrmQ,ILHC 2014 - Pro Am - Followers - Dasha Kuzmenko & Adam Brozowski
https://www.youtube.com/watch?v=14Yg5gagiuM,ILHC 2014 - Pro Am - Followers - Sunghee Cho & Soochan Lee
https://www.youtube.com/watch?v=vF9cNUTNf9g,ILHC 2014 - Pro-Am - Followers - Eve Kouakou Kouame & Remy Kouakou Kouame
https://www.youtube.com/watch?v=lNkPWaQ_In4,ILHC 2014 - Pro-Am - Followers - Eva Strelets & Kevin St Laurent
https://www.youtube.com/watch?v=N9nZbrGJuxc,ILHC 2014 - Pro-Am - Followers - Alexis Davila & Peter Strom
https://www.youtube.com/watch?v=14IP3jNor3g,ILHC 2014 - Slow Dance - Finals - Remy Kouakou Kouame & Marie Nahnfeldt
https://www.youtube.com/watch?v=-916Vj5C2do,ILHC 2014 - Slow Dance - Finals - Fabien Vrillon & Lisa Clarke
https://www.youtube.com/watch?v=ORtGawEWnFc,ILHC 2014 - Slow Dance - Finals - Patrick Szmidt & Natasha Ouimet
https://www.youtube.com/watch?v=00LQjxAgHHA,ILHC 2014 - Slow Dance - Finals - Peter Strom & Naomi Uyama
https://www.youtube.com/watch?v=WBLDx-jZxdA,ILHC 2014 - Slow Dance - Finals - Todd Yannacone & Ramona Staffeld
https://www.youtube.com/watch?v=k86YYcJoXNk,ILHC 2014 - Slow Dance - Finals - Mikey Pedroza & Jo Hoffberg
https://www.youtube.com/watch?v=t6CJRY_Kua0,ILHC 2014 - Slow Dance - Finals - Adam Brozowski & Annabel Quisao
https://www.youtube.com/watch?v=SGOeCzqh2Es,ILHC 2014 - Slow Dance - Finals - Thomas Blacharz & Alice Mei
https://www.youtube.com/watch?v=IQOmKd3pzAc,ILHC 2014 - Pro Showcase - Nick Williams & Alice Mei
https://www.youtube.com/watch?v=fnWELpxSg6s,ILHC 2014 - Pro Showcase - Kevin St Laurent & Jo Hoffberg
https://www.youtube.com/watch?v=9wmAN9hSSGs,ILHC 2014 - Pro Showcase - Emelie DecaVita & Rebecka DecaVita
https://www.youtube.com/watch?v=FfiMXrCrdoA,ILHC 2014 - Pro Showcase - Jakob Bergelin & Anna Forss
https://www.youtube.com/watch?v=voI65I7d9bA,ILHC 2014 - Pro Showcase - Remy Kouakou Kouame & Vincenzo Fesi
https://www.youtube.com/watch?v=pC0nSIEhefE,ILHC 2014 - Pro Showcase - Dax Hock & Sarah Breck
https://www.youtube.com/watch?v=oPWMQJkz1ww,ILHC 2014 - Pro Showcase - Todd Yannacone & Laura Glaess
https://www.youtube.com/watch?v=94ZEnbPGJO4,ILHC 2014 - Pro Showcase - Pontus Persson & Isabella Gregorio
https://www.youtube.com/watch?v=1IzBJGe65SE,ILHC 2014 - Pro Showcase - Soochan Lee & Hyunjung Choi
https://www.youtube.com/watch?v=HJZlmsh9smM,ILHC 2014 - Open Classic - Finals - Brooks Prumo & Mary Freitag
https://www.youtube.com/watch?v=o3uTmQlD8rc,ILHC 2014 - Open Classic - Finals - Alex Parker & Natalia Eristavi
https://www.youtube.com/watch?v=WZnuZpse4Hk,ILHC 2014 - Open Classic - Finals - Carl Nelson & Nicole Zuckerman
https://www.youtube.com/watch?v=2_2GMlP9WSg,ILHC 2014 - Open Classic - Finals - Fabien Vrillon & Lisa Clarke
https://www.youtube.com/watch?v=uWwVjnVULwQ,ILHC 2014 - Open Classic - Finals - Felix Berghall & Eleonor Kollberg
https://www.youtube.com/watch?v=6gc7Wm_T97w,ILHC 2014 - Open Classic - Finals - Hector Artal & Sonia Ortega
https://www.youtube.com/watch?v=ly55OVbXOko,ILHC 2014 - Open Classic - Finals - Joris Focquaert & Ona Elzbieta Visnevskyte
https://www.youtube.com/watch?v=bRA4PCX_sVk,ILHC 2014 - Open Classic - Finals - Joshua Welter & Brittany Johnson
https://www.youtube.com/watch?v=jZm_A2dxq_o,ILHC 2014 - Open Classic - Finals - Matej Dujakovic & Cajsa Weinemo
https://www.youtube.com/watch?v=EYcHtJweNiw,ILHC 2014 - Open Classic - Finals - Pontus Spelmans & Lena Magnusson
https://www.youtube.com/watch?v=uqbN6rKlYzM,ILHC 2014 - Open Classic - Finals - Rico Lim & Chloe Hong
https://www.youtube.com/watch?v=2w-X1MCBfBg,ILHC 2014 - Open Classic - Finals - Ryan Calloway & Ann Mony
https://www.youtube.com/watch?v=HPnCNd-ciZo,ILHC 2014 - Open Classic - Prelims - Marcos Agote & Lucile Pinteaux
https://www.youtube.com/watch?v=zYpNpftSSbM,ILHC 2014 - Open Classic - Prelims - Daniel Newsome & Lainey Silver
https://www.youtube.com/watch?v=280WZmWT5Oo,ILHC 2014 - Open Classic - Prelims - Paulo Thierry & Melanie Ohl
https://www.youtube.com/watch?v=PCXyW7oP-Pw,ILHC 2014 - Open Classic - Prelims - Gustav Jakobsson & Laia Puig-Azagra
https://www.youtube.com/watch?v=LayeWSnP7vE,ILHC 2014 - Open Classic - Prelims - Jung-Pil Choi & Juhee Lee
https://www.youtube.com/watch?v=yCHoJ_DEhRI,ILHC 2014 - Open Classic - Prelims - Julien Stoehr & Mihanta Rakotoarisoa
https://www.youtube.com/watch?v=pizgzs9c5YM,ILHC 2014 - Open Classic - Prelims - Jeonghun Park & Sunghee Cho
https://www.youtube.com/watch?v=dInrLlx8TNw,ILHC 2014 - Open Classic - Prelims - Guillaume Roubille & Marine Baudin
https://www.youtube.com/watch?v=RDlJKXTsikg,ILHC 2014 - Open Classic - Prelims - Joris Focquaert & Ona Elzbieta Visnevskyte
https://www.youtube.com/watch?v=scMRnRuqlgI,ILHC 2014 - Open Classic - Prelims - Felix Berghall & Eleonor Kollberg
https://www.youtube.com/watch?v=qaiOpV2zrLo,ILHC 2014 - Open Classic - Prelims - Carl Nelson & Nicole Zuckerman
https://www.youtube.com/watch?v=2mvtlWeTltI,ILHC 2014 - Open Classic - Prelims - Fabien Vrillon & Lisa Clarke
https://www.youtube.com/watch?v=8PybKL_o3_s,ILHC 2014 - Open Classic - Prelims - Brooks Prumo & Mary Freitag
https://www.youtube.com/watch?v=G7gtp_OU8Vo,ILHC 2014 - Open Classic - Prelims - Joshua Welter & Brittany Johnson
https://www.youtube.com/watch?v=gKA4Vi7r9nM,ILHC 2014 - Open Classic - Prelims - Matej Dujakovic & Cajsa Weinemo
https://www.youtube.com/watch?v=MnG_pYWfKhU,ILHC 2014 - Open Classic - Prelims - Pontus Spelmans & Lena Magnusson
https://www.youtube.com/watch?v=idkedyNPLXk,ILHC 2014 - Open Classic - Prelims - Rico Lim & Chloe Hong
https://www.youtube.com/watch?v=1Q_vWkwPkZk,ILHC 2014 - Open Classic - Prelims - Ryan Calloway & Ann Mony
https://www.youtube.com/watch?v=mlv6D1r3pMw,ILHC 2014 - Open Classic - Prelims - Alex Parker & Natalia Eristavi
